/*
 Navicat Premium Data Transfer

 Source Server         : localhost_3306
 Source Server Type    : MySQL
 Source Server Version : 80023
 Source Host           : localhost:3306
 Source Schema         : ry-vue

 Target Server Type    : MySQL
 Target Server Version : 80023
 File Encoding         : 65001

 Date: 28/05/2024 14:48:29
*/

SET NAMES utf8mb4;
SET FOREIGN_KEY_CHECKS = 0;

-- ----------------------------
-- Table structure for AccumulatedOvertime
-- ----------------------------
DROP TABLE IF EXISTS `AccumulatedOvertime`;
CREATE TABLE `AccumulatedOvertime` (
  `employee_id` int NOT NULL COMMENT '员工标识',
  `total_overtime_hours` decimal(10,2) NOT NULL COMMENT '累计加班小时数',
  PRIMARY KEY (`employee_id`)
) ENGINE=InnoDB DEFAULT CHARSET=utf8mb4 COLLATE=utf8mb4_unicode_ci COMMENT='累计加班时间表';

-- ----------------------------
-- Records of AccumulatedOvertime
-- ----------------------------
BEGIN;
INSERT INTO `AccumulatedOvertime` (`employee_id`, `total_overtime_hours`) VALUES (2, 26.00);
INSERT INTO `AccumulatedOvertime` (`employee_id`, `total_overtime_hours`) VALUES (4671947, 94.00);
COMMIT;

-- ----------------------------
-- Table structure for Employees
-- ----------------------------
DROP TABLE IF EXISTS `Employees`;
CREATE TABLE `Employees` (
  `employee_id` int NOT NULL AUTO_INCREMENT COMMENT '员工唯一标识',
  `name` varchar(100) COLLATE utf8mb4_unicode_ci NOT NULL COMMENT '员工姓名',
  `character_id` int NOT NULL COMMENT '角色标识',
  `omr_account` varchar(100) COLLATE utf8mb4_unicode_ci NOT NULL COMMENT 'OMR账号',
  PRIMARY KEY (`employee_id`)
) ENGINE=InnoDB DEFAULT CHARSET=utf8mb4 COLLATE=utf8mb4_unicode_ci COMMENT='员工信息表';

-- ----------------------------
-- Records of Employees
-- ----------------------------
BEGIN;
COMMIT;

-- ----------------------------
-- Table structure for gen_table
-- ----------------------------
DROP TABLE IF EXISTS `gen_table`;
CREATE TABLE `gen_table` (
  `table_id` bigint NOT NULL AUTO_INCREMENT COMMENT '编号',
  `table_name` varchar(200) COLLATE utf8mb4_unicode_ci DEFAULT '' COMMENT '表名称',
  `table_comment` varchar(500) COLLATE utf8mb4_unicode_ci DEFAULT '' COMMENT '表描述',
  `sub_table_name` varchar(64) COLLATE utf8mb4_unicode_ci DEFAULT NULL COMMENT '关联子表的表名',
  `sub_table_fk_name` varchar(64) COLLATE utf8mb4_unicode_ci DEFAULT NULL COMMENT '子表关联的外键名',
  `class_name` varchar(100) COLLATE utf8mb4_unicode_ci DEFAULT '' COMMENT '实体类名称',
  `tpl_category` varchar(200) COLLATE utf8mb4_unicode_ci DEFAULT 'crud' COMMENT '使用的模板（crud单表操作 tree树表操作）',
  `tpl_web_type` varchar(30) COLLATE utf8mb4_unicode_ci DEFAULT '' COMMENT '前端模板类型（element-ui模版 element-plus模版）',
  `package_name` varchar(100) COLLATE utf8mb4_unicode_ci DEFAULT NULL COMMENT '生成包路径',
  `module_name` varchar(30) COLLATE utf8mb4_unicode_ci DEFAULT NULL COMMENT '生成模块名',
  `business_name` varchar(30) COLLATE utf8mb4_unicode_ci DEFAULT NULL COMMENT '生成业务名',
  `function_name` varchar(50) COLLATE utf8mb4_unicode_ci DEFAULT NULL COMMENT '生成功能名',
  `function_author` varchar(50) COLLATE utf8mb4_unicode_ci DEFAULT NULL COMMENT '生成功能作者',
  `gen_type` char(1) COLLATE utf8mb4_unicode_ci DEFAULT '0' COMMENT '生成代码方式（0zip压缩包 1自定义路径）',
  `gen_path` varchar(200) COLLATE utf8mb4_unicode_ci DEFAULT '/' COMMENT '生成路径（不填默认项目路径）',
  `options` varchar(1000) COLLATE utf8mb4_unicode_ci DEFAULT NULL COMMENT '其它生成选项',
  `create_by` varchar(64) COLLATE utf8mb4_unicode_ci DEFAULT '' COMMENT '创建者',
  `create_time` datetime DEFAULT NULL COMMENT '创建时间',
  `update_by` varchar(64) COLLATE utf8mb4_unicode_ci DEFAULT '' COMMENT '更新者',
  `update_time` datetime DEFAULT NULL COMMENT '更新时间',
  `remark` varchar(500) COLLATE utf8mb4_unicode_ci DEFAULT NULL COMMENT '备注',
  PRIMARY KEY (`table_id`)
) ENGINE=InnoDB AUTO_INCREMENT=4 DEFAULT CHARSET=utf8mb4 COLLATE=utf8mb4_unicode_ci COMMENT='代码生成业务表';

-- ----------------------------
-- Records of gen_table
-- ----------------------------
BEGIN;
INSERT INTO `gen_table` (`table_id`, `table_name`, `table_comment`, `sub_table_name`, `sub_table_fk_name`, `class_name`, `tpl_category`, `tpl_web_type`, `package_name`, `module_name`, `business_name`, `function_name`, `function_author`, `gen_type`, `gen_path`, `options`, `create_by`, `create_time`, `update_by`, `update_time`, `remark`) VALUES (1, 'OvertimeRequests', '加班申请信息表', NULL, NULL, 'OvertimeRequests', 'crud', '', 'com.ruoyi.system', 'system', 'OvertimeRequests', '加班申请信息', 'ruoyi', '0', '/', NULL, 'admin', '2024-05-26 23:43:03', '', NULL, NULL);
INSERT INTO `gen_table` (`table_id`, `table_name`, `table_comment`, `sub_table_name`, `sub_table_fk_name`, `class_name`, `tpl_category`, `tpl_web_type`, `package_name`, `module_name`, `business_name`, `function_name`, `function_author`, `gen_type`, `gen_path`, `options`, `create_by`, `create_time`, `update_by`, `update_time`, `remark`) VALUES (2, 'OvertimeApprovals', '加班审批信息表', NULL, NULL, 'OvertimeApprovals', 'crud', '', 'com.ruoyi.system', 'system', 'OvertimeApprovals', '加班审批信息', 'ruoyi', '0', '/', NULL, 'admin', '2024-05-27 16:31:59', '', NULL, NULL);
INSERT INTO `gen_table` (`table_id`, `table_name`, `table_comment`, `sub_table_name`, `sub_table_fk_name`, `class_name`, `tpl_category`, `tpl_web_type`, `package_name`, `module_name`, `business_name`, `function_name`, `function_author`, `gen_type`, `gen_path`, `options`, `create_by`, `create_time`, `update_by`, `update_time`, `remark`) VALUES (3, 'AccumulatedOvertime', '累计加班时间表', NULL, NULL, 'AccumulatedOvertime', 'crud', '', 'com.ruoyi.system', 'system', 'AccumulatedOvertime', '累计加班时间', 'ruoyi', '0', '/', NULL, 'admin', '2024-05-27 21:25:59', '', NULL, NULL);
COMMIT;

-- ----------------------------
-- Table structure for gen_table_column
-- ----------------------------
DROP TABLE IF EXISTS `gen_table_column`;
CREATE TABLE `gen_table_column` (
  `column_id` bigint NOT NULL AUTO_INCREMENT COMMENT '编号',
  `table_id` bigint DEFAULT NULL COMMENT '归属表编号',
  `column_name` varchar(200) COLLATE utf8mb4_unicode_ci DEFAULT NULL COMMENT '列名称',
  `column_comment` varchar(500) COLLATE utf8mb4_unicode_ci DEFAULT NULL COMMENT '列描述',
  `column_type` varchar(100) COLLATE utf8mb4_unicode_ci DEFAULT NULL COMMENT '列类型',
  `java_type` varchar(500) COLLATE utf8mb4_unicode_ci DEFAULT NULL COMMENT 'JAVA类型',
  `java_field` varchar(200) COLLATE utf8mb4_unicode_ci DEFAULT NULL COMMENT 'JAVA字段名',
  `is_pk` char(1) COLLATE utf8mb4_unicode_ci DEFAULT NULL COMMENT '是否主键（1是）',
  `is_increment` char(1) COLLATE utf8mb4_unicode_ci DEFAULT NULL COMMENT '是否自增（1是）',
  `is_required` char(1) COLLATE utf8mb4_unicode_ci DEFAULT NULL COMMENT '是否必填（1是）',
  `is_insert` char(1) COLLATE utf8mb4_unicode_ci DEFAULT NULL COMMENT '是否为插入字段（1是）',
  `is_edit` char(1) COLLATE utf8mb4_unicode_ci DEFAULT NULL COMMENT '是否编辑字段（1是）',
  `is_list` char(1) COLLATE utf8mb4_unicode_ci DEFAULT NULL COMMENT '是否列表字段（1是）',
  `is_query` char(1) COLLATE utf8mb4_unicode_ci DEFAULT NULL COMMENT '是否查询字段（1是）',
  `query_type` varchar(200) COLLATE utf8mb4_unicode_ci DEFAULT 'EQ' COMMENT '查询方式（等于、不等于、大于、小于、范围）',
  `html_type` varchar(200) COLLATE utf8mb4_unicode_ci DEFAULT NULL COMMENT '显示类型（文本框、文本域、下拉框、复选框、单选框、日期控件）',
  `dict_type` varchar(200) COLLATE utf8mb4_unicode_ci DEFAULT '' COMMENT '字典类型',
  `sort` int DEFAULT NULL COMMENT '排序',
  `create_by` varchar(64) COLLATE utf8mb4_unicode_ci DEFAULT '' COMMENT '创建者',
  `create_time` datetime DEFAULT NULL COMMENT '创建时间',
  `update_by` varchar(64) COLLATE utf8mb4_unicode_ci DEFAULT '' COMMENT '更新者',
  `update_time` datetime DEFAULT NULL COMMENT '更新时间',
  PRIMARY KEY (`column_id`)
) ENGINE=InnoDB AUTO_INCREMENT=16 DEFAULT CHARSET=utf8mb4 COLLATE=utf8mb4_unicode_ci COMMENT='代码生成业务表字段';

-- ----------------------------
-- Records of gen_table_column
-- ----------------------------
BEGIN;
INSERT INTO `gen_table_column` (`column_id`, `table_id`, `column_name`, `column_comment`, `column_type`, `java_type`, `java_field`, `is_pk`, `is_increment`, `is_required`, `is_insert`, `is_edit`, `is_list`, `is_query`, `query_type`, `html_type`, `dict_type`, `sort`, `create_by`, `create_time`, `update_by`, `update_time`) VALUES (1, 1, 'overtime_id', '加班申请唯一标识', 'int', 'Long', 'overtimeId', '1', '1', '0', '1', NULL, NULL, NULL, 'EQ', 'input', '', 1, 'admin', '2024-05-26 23:43:03', '', NULL);
INSERT INTO `gen_table_column` (`column_id`, `table_id`, `column_name`, `column_comment`, `column_type`, `java_type`, `java_field`, `is_pk`, `is_increment`, `is_required`, `is_insert`, `is_edit`, `is_list`, `is_query`, `query_type`, `html_type`, `dict_type`, `sort`, `create_by`, `create_time`, `update_by`, `update_time`) VALUES (2, 1, 'employee_id', '申请加班的员工标识', 'int', 'Long', 'employeeId', '0', '0', '1', '1', '1', '1', '1', 'EQ', 'input', '', 2, 'admin', '2024-05-26 23:43:03', '', NULL);
INSERT INTO `gen_table_column` (`column_id`, `table_id`, `column_name`, `column_comment`, `column_type`, `java_type`, `java_field`, `is_pk`, `is_increment`, `is_required`, `is_insert`, `is_edit`, `is_list`, `is_query`, `query_type`, `html_type`, `dict_type`, `sort`, `create_by`, `create_time`, `update_by`, `update_time`) VALUES (3, 1, 'apply_date', '申请日期', 'date', 'Date', 'applyDate', '0', '0', '1', '1', '1', '1', '1', 'EQ', 'datetime', '', 3, 'admin', '2024-05-26 23:43:04', '', NULL);
INSERT INTO `gen_table_column` (`column_id`, `table_id`, `column_name`, `column_comment`, `column_type`, `java_type`, `java_field`, `is_pk`, `is_increment`, `is_required`, `is_insert`, `is_edit`, `is_list`, `is_query`, `query_type`, `html_type`, `dict_type`, `sort`, `create_by`, `create_time`, `update_by`, `update_time`) VALUES (4, 1, 'start_time', '加班开始时间', 'datetime', 'Date', 'startTime', '0', '0', '1', '1', '1', '1', '1', 'EQ', 'datetime', '', 4, 'admin', '2024-05-26 23:43:04', '', NULL);
INSERT INTO `gen_table_column` (`column_id`, `table_id`, `column_name`, `column_comment`, `column_type`, `java_type`, `java_field`, `is_pk`, `is_increment`, `is_required`, `is_insert`, `is_edit`, `is_list`, `is_query`, `query_type`, `html_type`, `dict_type`, `sort`, `create_by`, `create_time`, `update_by`, `update_time`) VALUES (5, 1, 'end_time', '加班结束时间', 'datetime', 'Date', 'endTime', '0', '0', '1', '1', '1', '1', '1', 'EQ', 'datetime', '', 5, 'admin', '2024-05-26 23:43:04', '', NULL);
INSERT INTO `gen_table_column` (`column_id`, `table_id`, `column_name`, `column_comment`, `column_type`, `java_type`, `java_field`, `is_pk`, `is_increment`, `is_required`, `is_insert`, `is_edit`, `is_list`, `is_query`, `query_type`, `html_type`, `dict_type`, `sort`, `create_by`, `create_time`, `update_by`, `update_time`) VALUES (6, 1, 'status', '申请状态（待审批、已批准、已拒绝）', 'enum(\'Pending\',\'Approved\',\'Rejected\')', 'String', 'status', '0', '0', '1', '1', '1', '1', '1', 'EQ', 'radio', '', 6, 'admin', '2024-05-26 23:43:04', '', NULL);
INSERT INTO `gen_table_column` (`column_id`, `table_id`, `column_name`, `column_comment`, `column_type`, `java_type`, `java_field`, `is_pk`, `is_increment`, `is_required`, `is_insert`, `is_edit`, `is_list`, `is_query`, `query_type`, `html_type`, `dict_type`, `sort`, `create_by`, `create_time`, `update_by`, `update_time`) VALUES (7, 1, 'reason', '加班原因', 'text', 'String', 'reason', '0', '0', '0', '1', '1', '1', '1', 'EQ', 'textarea', '', 7, 'admin', '2024-05-26 23:43:04', '', NULL);
INSERT INTO `gen_table_column` (`column_id`, `table_id`, `column_name`, `column_comment`, `column_type`, `java_type`, `java_field`, `is_pk`, `is_increment`, `is_required`, `is_insert`, `is_edit`, `is_list`, `is_query`, `query_type`, `html_type`, `dict_type`, `sort`, `create_by`, `create_time`, `update_by`, `update_time`) VALUES (8, 2, 'approval_id', '审批记录唯一标识', 'int', 'Long', 'approvalId', '1', '1', '0', '1', NULL, NULL, NULL, 'EQ', 'input', '', 1, 'admin', '2024-05-27 16:31:59', '', NULL);
INSERT INTO `gen_table_column` (`column_id`, `table_id`, `column_name`, `column_comment`, `column_type`, `java_type`, `java_field`, `is_pk`, `is_increment`, `is_required`, `is_insert`, `is_edit`, `is_list`, `is_query`, `query_type`, `html_type`, `dict_type`, `sort`, `create_by`, `create_time`, `update_by`, `update_time`) VALUES (9, 2, 'overtime_id', '加班申请标识', 'int', 'Long', 'overtimeId', '0', '0', '1', '1', '1', '1', '1', 'EQ', 'input', '', 2, 'admin', '2024-05-27 16:31:59', '', NULL);
INSERT INTO `gen_table_column` (`column_id`, `table_id`, `column_name`, `column_comment`, `column_type`, `java_type`, `java_field`, `is_pk`, `is_increment`, `is_required`, `is_insert`, `is_edit`, `is_list`, `is_query`, `query_type`, `html_type`, `dict_type`, `sort`, `create_by`, `create_time`, `update_by`, `update_time`) VALUES (10, 2, 'approver_id', '审批人（管理员）标识', 'int', 'Long', 'approverId', '0', '0', '1', '1', '1', '1', '1', 'EQ', 'input', '', 3, 'admin', '2024-05-27 16:31:59', '', NULL);
INSERT INTO `gen_table_column` (`column_id`, `table_id`, `column_name`, `column_comment`, `column_type`, `java_type`, `java_field`, `is_pk`, `is_increment`, `is_required`, `is_insert`, `is_edit`, `is_list`, `is_query`, `query_type`, `html_type`, `dict_type`, `sort`, `create_by`, `create_time`, `update_by`, `update_time`) VALUES (11, 2, 'approval_date', '审批日期', 'date', 'Date', 'approvalDate', '0', '0', '1', '1', '1', '1', '1', 'EQ', 'datetime', '', 4, 'admin', '2024-05-27 16:31:59', '', NULL);
INSERT INTO `gen_table_column` (`column_id`, `table_id`, `column_name`, `column_comment`, `column_type`, `java_type`, `java_field`, `is_pk`, `is_increment`, `is_required`, `is_insert`, `is_edit`, `is_list`, `is_query`, `query_type`, `html_type`, `dict_type`, `sort`, `create_by`, `create_time`, `update_by`, `update_time`) VALUES (12, 2, 'approval_status', '审批状态（已批准、已拒绝）', 'enum(\'Approved\',\'Rejected\')', 'String', 'approvalStatus', '0', '0', '1', '1', '1', '1', '1', 'EQ', 'radio', '', 5, 'admin', '2024-05-27 16:31:59', '', NULL);
INSERT INTO `gen_table_column` (`column_id`, `table_id`, `column_name`, `column_comment`, `column_type`, `java_type`, `java_field`, `is_pk`, `is_increment`, `is_required`, `is_insert`, `is_edit`, `is_list`, `is_query`, `query_type`, `html_type`, `dict_type`, `sort`, `create_by`, `create_time`, `update_by`, `update_time`) VALUES (13, 2, 'comments', '审批意见', 'text', 'String', 'comments', '0', '0', '0', '1', '1', '1', '1', 'EQ', 'textarea', '', 6, 'admin', '2024-05-27 16:31:59', '', NULL);
INSERT INTO `gen_table_column` (`column_id`, `table_id`, `column_name`, `column_comment`, `column_type`, `java_type`, `java_field`, `is_pk`, `is_increment`, `is_required`, `is_insert`, `is_edit`, `is_list`, `is_query`, `query_type`, `html_type`, `dict_type`, `sort`, `create_by`, `create_time`, `update_by`, `update_time`) VALUES (14, 3, 'employee_id', '员工标识', 'int', 'Long', 'employeeId', '1', '0', '0', '1', NULL, NULL, NULL, 'EQ', 'input', '', 1, 'admin', '2024-05-27 21:25:59', '', NULL);
INSERT INTO `gen_table_column` (`column_id`, `table_id`, `column_name`, `column_comment`, `column_type`, `java_type`, `java_field`, `is_pk`, `is_increment`, `is_required`, `is_insert`, `is_edit`, `is_list`, `is_query`, `query_type`, `html_type`, `dict_type`, `sort`, `create_by`, `create_time`, `update_by`, `update_time`) VALUES (15, 3, 'total_overtime_hours', '累计加班小时数', 'decimal(10,2)', 'BigDecimal', 'totalOvertimeHours', '0', '0', '1', '1', '1', '1', '1', 'EQ', 'input', '', 2, 'admin', '2024-05-27 21:25:59', '', NULL);
COMMIT;

-- ----------------------------
-- Table structure for LeaveApprovals
-- ----------------------------
DROP TABLE IF EXISTS `LeaveApprovals`;
CREATE TABLE `LeaveApprovals` (
  `approval_id` int NOT NULL AUTO_INCREMENT COMMENT '审批记录唯一标识',
  `leave_id` int NOT NULL COMMENT '调休申请标识',
  `approver_id` int NOT NULL COMMENT '审批人（管理员）标识',
  `approval_date` date NOT NULL COMMENT '审批日期',
  `approval_status` enum('Approved','Rejected') COLLATE utf8mb4_unicode_ci NOT NULL COMMENT '审批状态（已批准、已拒绝）',
  `comments` text COLLATE utf8mb4_unicode_ci COMMENT '审批意见',
  PRIMARY KEY (`approval_id`),
  KEY `leave_id` (`leave_id`),
  KEY `approver_id` (`approver_id`),
  CONSTRAINT `leaveapprovals_ibfk_1` FOREIGN KEY (`leave_id`) REFERENCES `LeaveRequests` (`leave_id`),
  CONSTRAINT `leaveapprovals_ibfk_2` FOREIGN KEY (`approver_id`) REFERENCES `Employees` (`employee_id`)
) ENGINE=InnoDB DEFAULT CHARSET=utf8mb4 COLLATE=utf8mb4_unicode_ci COMMENT='调休审批信息表';

-- ----------------------------
-- Records of LeaveApprovals
-- ----------------------------
BEGIN;
COMMIT;

-- ----------------------------
-- Table structure for LeaveDeductions
-- ----------------------------
DROP TABLE IF EXISTS `LeaveDeductions`;
CREATE TABLE `LeaveDeductions` (
  `deduction_id` int NOT NULL AUTO_INCREMENT COMMENT '扣除记录唯一标识',
  `employee_id` int NOT NULL COMMENT '员工标识',
  `leave_id` int NOT NULL COMMENT '调休申请标识',
  `deducted_hours` decimal(10,2) NOT NULL COMMENT '扣除的加班小时数',
  PRIMARY KEY (`deduction_id`),
  KEY `employee_id` (`employee_id`),
  KEY `leave_id` (`leave_id`),
  CONSTRAINT `leavedeductions_ibfk_1` FOREIGN KEY (`employee_id`) REFERENCES `Employees` (`employee_id`),
  CONSTRAINT `leavedeductions_ibfk_2` FOREIGN KEY (`leave_id`) REFERENCES `LeaveRequests` (`leave_id`)
) ENGINE=InnoDB DEFAULT CHARSET=utf8mb4 COLLATE=utf8mb4_unicode_ci COMMENT='调休扣除记录表';

-- ----------------------------
-- Records of LeaveDeductions
-- ----------------------------
BEGIN;
COMMIT;

-- ----------------------------
-- Table structure for LeaveRequests
-- ----------------------------
DROP TABLE IF EXISTS `LeaveRequests`;
CREATE TABLE `LeaveRequests` (
  `leave_id` int NOT NULL AUTO_INCREMENT COMMENT '调休申请唯一标识',
  `employee_id` int NOT NULL COMMENT '申请调休的员工标识',
  `apply_date` date NOT NULL COMMENT '申请日期',
  `leave_start_date` date NOT NULL COMMENT '调休开始日期',
  `leave_end_date` date NOT NULL COMMENT '调休结束日期',
  `status` enum('Pending','Approved','Rejected') COLLATE utf8mb4_unicode_ci NOT NULL COMMENT '申请状态（待审批、已批准、已拒绝）',
  `reason` text COLLATE utf8mb4_unicode_ci COMMENT '调休原因',
  PRIMARY KEY (`leave_id`),
  KEY `employee_id` (`employee_id`),
  CONSTRAINT `leaverequests_ibfk_1` FOREIGN KEY (`employee_id`) REFERENCES `Employees` (`employee_id`)
) ENGINE=InnoDB DEFAULT CHARSET=utf8mb4 COLLATE=utf8mb4_unicode_ci COMMENT='调休申请信息表';

-- ----------------------------
-- Records of LeaveRequests
-- ----------------------------
BEGIN;
COMMIT;

-- ----------------------------
-- Table structure for OvertimeApprovals
-- ----------------------------
DROP TABLE IF EXISTS `OvertimeApprovals`;
CREATE TABLE `OvertimeApprovals` (
  `approval_id` int NOT NULL AUTO_INCREMENT COMMENT '审批记录唯一标识',
  `overtime_id` int NOT NULL COMMENT '加班申请标识',
  `approver_id` int NOT NULL COMMENT '审批人（管理员）标识',
  `approval_date` date NOT NULL COMMENT '审批日期',
  `approval_status` enum('Approved','Rejected') COLLATE utf8mb4_unicode_ci NOT NULL COMMENT '审批状态（已批准、已拒绝）',
  `comments` text COLLATE utf8mb4_unicode_ci COMMENT '审批意见',
  PRIMARY KEY (`approval_id`),
  KEY `overtime_id` (`overtime_id`),
  KEY `approver_id` (`approver_id`),
  CONSTRAINT `overtimeapprovals_ibfk_1` FOREIGN KEY (`overtime_id`) REFERENCES `OvertimeRequests` (`overtime_id`),
  CONSTRAINT `overtimeapprovals_ibfk_2` FOREIGN KEY (`approver_id`) REFERENCES `Employees` (`employee_id`)
) ENGINE=InnoDB AUTO_INCREMENT=2 DEFAULT CHARSET=utf8mb4 COLLATE=utf8mb4_unicode_ci COMMENT='加班审批信息表';

-- ----------------------------
-- Records of OvertimeApprovals
-- ----------------------------
BEGIN;
COMMIT;

-- ----------------------------
-- Table structure for OvertimeRequests
-- ----------------------------
DROP TABLE IF EXISTS `OvertimeRequests`;
CREATE TABLE `OvertimeRequests` (
  `overtime_id` int NOT NULL AUTO_INCREMENT COMMENT '加班申请唯一标识',
  `employee_id` int NOT NULL COMMENT '申请加班的员工标识',
  `apply_date` date NOT NULL COMMENT '申请日期',
  `start_time` datetime NOT NULL COMMENT '加班开始时间',
  `end_time` datetime NOT NULL COMMENT '加班结束时间',
  `status` enum('Pending','Approved','Rejected') COLLATE utf8mb4_unicode_ci NOT NULL COMMENT '申请状态（待审批、已批准、已拒绝）',
  `reason` text COLLATE utf8mb4_unicode_ci COMMENT '加班原因',
  PRIMARY KEY (`overtime_id`),
  KEY `employee_id` (`employee_id`)
) ENGINE=InnoDB AUTO_INCREMENT=21 DEFAULT CHARSET=utf8mb4 COLLATE=utf8mb4_unicode_ci COMMENT='加班申请信息表';

-- ----------------------------
-- Records of OvertimeRequests
-- ----------------------------
BEGIN;
INSERT INTO `OvertimeRequests` (`overtime_id`, `employee_id`, `apply_date`, `start_time`, `end_time`, `status`, `reason`) VALUES (4, 1, '2024-05-27', '2024-05-27 21:05:00', '2024-05-28 00:00:00', 'Pending', '724值班');
INSERT INTO `OvertimeRequests` (`overtime_id`, `employee_id`, `apply_date`, `start_time`, `end_time`, `status`, `reason`) VALUES (6, 2, '2024-05-28', '2024-05-29 00:00:00', '2024-05-30 00:00:00', 'Pending', NULL);
INSERT INTO `OvertimeRequests` (`overtime_id`, `employee_id`, `apply_date`, `start_time`, `end_time`, `status`, `reason`) VALUES (7, 2, '2024-05-27', '2024-05-28 00:00:00', '2024-05-28 02:02:00', 'Pending', '123');
INSERT INTO `OvertimeRequests` (`overtime_id`, `employee_id`, `apply_date`, `start_time`, `end_time`, `status`, `reason`) VALUES (8, 2, '2024-05-27', '2024-05-23 00:00:00', '2024-05-24 00:00:00', 'Pending', '2+24');
INSERT INTO `OvertimeRequests` (`overtime_id`, `employee_id`, `apply_date`, `start_time`, `end_time`, `status`, `reason`) VALUES (9, 4671947, '2024-05-27', '2024-05-28 00:00:00', '2024-05-29 00:00:00', 'Pending', '724');
INSERT INTO `OvertimeRequests` (`overtime_id`, `employee_id`, `apply_date`, `start_time`, `end_time`, `status`, `reason`) VALUES (10, 4671947, '2024-05-27', '2024-05-30 00:00:00', '2024-05-31 00:00:00', 'Pending', '123');
INSERT INTO `OvertimeRequests` (`overtime_id`, `employee_id`, `apply_date`, `start_time`, `end_time`, `status`, `reason`) VALUES (11, 4671947, '2024-05-27', '2024-05-14 00:00:00', '2024-05-16 00:00:00', 'Pending', NULL);
INSERT INTO `OvertimeRequests` (`overtime_id`, `employee_id`, `apply_date`, `start_time`, `end_time`, `status`, `reason`) VALUES (12, 4671947, '2024-05-27', '2024-05-29 00:00:00', '2024-05-30 00:00:00', 'Pending', NULL);
INSERT INTO `OvertimeRequests` (`overtime_id`, `employee_id`, `apply_date`, `start_time`, `end_time`, `status`, `reason`) VALUES (13, 4671947, '2024-05-27', '2024-05-22 00:00:00', '2024-05-23 00:00:00', 'Pending', NULL);
INSERT INTO `OvertimeRequests` (`overtime_id`, `employee_id`, `apply_date`, `start_time`, `end_time`, `status`, `reason`) VALUES (14, 4671947, '2024-05-27', '2024-05-30 00:00:00', '2024-05-30 08:55:00', 'Pending', NULL);
INSERT INTO `OvertimeRequests` (`overtime_id`, `employee_id`, `apply_date`, `start_time`, `end_time`, `status`, `reason`) VALUES (15, 4671947, '2024-05-28', '2024-05-29 00:00:00', '2024-05-29 03:47:00', 'Pending', NULL);
INSERT INTO `OvertimeRequests` (`overtime_id`, `employee_id`, `apply_date`, `start_time`, `end_time`, `status`, `reason`) VALUES (16, 4671947, '2024-05-27', '2024-05-22 00:00:00', '2024-05-22 16:49:00', 'Pending', NULL);
INSERT INTO `OvertimeRequests` (`overtime_id`, `employee_id`, `apply_date`, `start_time`, `end_time`, `status`, `reason`) VALUES (17, 4671947, '2024-05-28', '2024-05-29 00:00:00', '2024-05-29 11:12:00', 'Pending', NULL);
INSERT INTO `OvertimeRequests` (`overtime_id`, `employee_id`, `apply_date`, `start_time`, `end_time`, `status`, `reason`) VALUES (18, 4671947, '2024-05-28', '2024-05-30 08:00:00', '2024-05-30 09:26:00', 'Pending', NULL);
INSERT INTO `OvertimeRequests` (`overtime_id`, `employee_id`, `apply_date`, `start_time`, `end_time`, `status`, `reason`) VALUES (19, 4671947, '2024-05-28', '2024-05-29 00:00:00', '2024-05-29 03:56:00', 'Pending', NULL);
INSERT INTO `OvertimeRequests` (`overtime_id`, `employee_id`, `apply_date`, `start_time`, `end_time`, `status`, `reason`) VALUES (20, 4671947, '2024-05-09', '2024-05-28 00:00:00', '2024-05-29 00:00:00', 'Pending', NULL);
COMMIT;

-- ----------------------------
-- Table structure for QRTZ_BLOB_TRIGGERS
-- ----------------------------
DROP TABLE IF EXISTS `QRTZ_BLOB_TRIGGERS`;
CREATE TABLE `QRTZ_BLOB_TRIGGERS` (
  `sched_name` varchar(120) COLLATE utf8mb4_unicode_ci NOT NULL COMMENT '调度名称',
  `trigger_name` varchar(200) COLLATE utf8mb4_unicode_ci NOT NULL COMMENT 'qrtz_triggers表trigger_name的外键',
  `trigger_group` varchar(200) COLLATE utf8mb4_unicode_ci NOT NULL COMMENT 'qrtz_triggers表trigger_group的外键',
  `blob_data` blob COMMENT '存放持久化Trigger对象',
  PRIMARY KEY (`sched_name`,`trigger_name`,`trigger_group`),
  CONSTRAINT `qrtz_blob_triggers_ibfk_1` FOREIGN KEY (`sched_name`, `trigger_name`, `trigger_group`) REFERENCES `QRTZ_TRIGGERS` (`sched_name`, `trigger_name`, `trigger_group`)
) ENGINE=InnoDB DEFAULT CHARSET=utf8mb4 COLLATE=utf8mb4_unicode_ci COMMENT='Blob类型的触发器表';

-- ----------------------------
-- Records of QRTZ_BLOB_TRIGGERS
-- ----------------------------
BEGIN;
COMMIT;

-- ----------------------------
-- Table structure for QRTZ_CALENDARS
-- ----------------------------
DROP TABLE IF EXISTS `QRTZ_CALENDARS`;
CREATE TABLE `QRTZ_CALENDARS` (
  `sched_name` varchar(120) COLLATE utf8mb4_unicode_ci NOT NULL COMMENT '调度名称',
  `calendar_name` varchar(200) COLLATE utf8mb4_unicode_ci NOT NULL COMMENT '日历名称',
  `calendar` blob NOT NULL COMMENT '存放持久化calendar对象',
  PRIMARY KEY (`sched_name`,`calendar_name`)
) ENGINE=InnoDB DEFAULT CHARSET=utf8mb4 COLLATE=utf8mb4_unicode_ci COMMENT='日历信息表';

-- ----------------------------
-- Records of QRTZ_CALENDARS
-- ----------------------------
BEGIN;
COMMIT;

-- ----------------------------
-- Table structure for QRTZ_CRON_TRIGGERS
-- ----------------------------
DROP TABLE IF EXISTS `QRTZ_CRON_TRIGGERS`;
CREATE TABLE `QRTZ_CRON_TRIGGERS` (
  `sched_name` varchar(120) COLLATE utf8mb4_unicode_ci NOT NULL COMMENT '调度名称',
  `trigger_name` varchar(200) COLLATE utf8mb4_unicode_ci NOT NULL COMMENT 'qrtz_triggers表trigger_name的外键',
  `trigger_group` varchar(200) COLLATE utf8mb4_unicode_ci NOT NULL COMMENT 'qrtz_triggers表trigger_group的外键',
  `cron_expression` varchar(200) COLLATE utf8mb4_unicode_ci NOT NULL COMMENT 'cron表达式',
  `time_zone_id` varchar(80) COLLATE utf8mb4_unicode_ci DEFAULT NULL COMMENT '时区',
  PRIMARY KEY (`sched_name`,`trigger_name`,`trigger_group`),
  CONSTRAINT `qrtz_cron_triggers_ibfk_1` FOREIGN KEY (`sched_name`, `trigger_name`, `trigger_group`) REFERENCES `QRTZ_TRIGGERS` (`sched_name`, `trigger_name`, `trigger_group`)
) ENGINE=InnoDB DEFAULT CHARSET=utf8mb4 COLLATE=utf8mb4_unicode_ci COMMENT='Cron类型的触发器表';

-- ----------------------------
-- Records of QRTZ_CRON_TRIGGERS
-- ----------------------------
BEGIN;
COMMIT;

-- ----------------------------
-- Table structure for QRTZ_FIRED_TRIGGERS
-- ----------------------------
DROP TABLE IF EXISTS `QRTZ_FIRED_TRIGGERS`;
CREATE TABLE `QRTZ_FIRED_TRIGGERS` (
  `sched_name` varchar(120) COLLATE utf8mb4_unicode_ci NOT NULL COMMENT '调度名称',
  `entry_id` varchar(95) COLLATE utf8mb4_unicode_ci NOT NULL COMMENT '调度器实例id',
  `trigger_name` varchar(200) COLLATE utf8mb4_unicode_ci NOT NULL COMMENT 'qrtz_triggers表trigger_name的外键',
  `trigger_group` varchar(200) COLLATE utf8mb4_unicode_ci NOT NULL COMMENT 'qrtz_triggers表trigger_group的外键',
  `instance_name` varchar(200) COLLATE utf8mb4_unicode_ci NOT NULL COMMENT '调度器实例名',
  `fired_time` bigint NOT NULL COMMENT '触发的时间',
  `sched_time` bigint NOT NULL COMMENT '定时器制定的时间',
  `priority` int NOT NULL COMMENT '优先级',
  `state` varchar(16) COLLATE utf8mb4_unicode_ci NOT NULL COMMENT '状态',
  `job_name` varchar(200) COLLATE utf8mb4_unicode_ci DEFAULT NULL COMMENT '任务名称',
  `job_group` varchar(200) COLLATE utf8mb4_unicode_ci DEFAULT NULL COMMENT '任务组名',
  `is_nonconcurrent` varchar(1) COLLATE utf8mb4_unicode_ci DEFAULT NULL COMMENT '是否并发',
  `requests_recovery` varchar(1) COLLATE utf8mb4_unicode_ci DEFAULT NULL COMMENT '是否接受恢复执行',
  PRIMARY KEY (`sched_name`,`entry_id`)
) ENGINE=InnoDB DEFAULT CHARSET=utf8mb4 COLLATE=utf8mb4_unicode_ci COMMENT='已触发的触发器表';

-- ----------------------------
-- Records of QRTZ_FIRED_TRIGGERS
-- ----------------------------
BEGIN;
COMMIT;

-- ----------------------------
-- Table structure for QRTZ_JOB_DETAILS
-- ----------------------------
DROP TABLE IF EXISTS `QRTZ_JOB_DETAILS`;
CREATE TABLE `QRTZ_JOB_DETAILS` (
  `sched_name` varchar(120) COLLATE utf8mb4_unicode_ci NOT NULL COMMENT '调度名称',
  `job_name` varchar(200) COLLATE utf8mb4_unicode_ci NOT NULL COMMENT '任务名称',
  `job_group` varchar(200) COLLATE utf8mb4_unicode_ci NOT NULL COMMENT '任务组名',
  `description` varchar(250) COLLATE utf8mb4_unicode_ci DEFAULT NULL COMMENT '相关介绍',
  `job_class_name` varchar(250) COLLATE utf8mb4_unicode_ci NOT NULL COMMENT '执行任务类名称',
  `is_durable` varchar(1) COLLATE utf8mb4_unicode_ci NOT NULL COMMENT '是否持久化',
  `is_nonconcurrent` varchar(1) COLLATE utf8mb4_unicode_ci NOT NULL COMMENT '是否并发',
  `is_update_data` varchar(1) COLLATE utf8mb4_unicode_ci NOT NULL COMMENT '是否更新数据',
  `requests_recovery` varchar(1) COLLATE utf8mb4_unicode_ci NOT NULL COMMENT '是否接受恢复执行',
  `job_data` blob COMMENT '存放持久化job对象',
  PRIMARY KEY (`sched_name`,`job_name`,`job_group`)
) ENGINE=InnoDB DEFAULT CHARSET=utf8mb4 COLLATE=utf8mb4_unicode_ci COMMENT='任务详细信息表';

-- ----------------------------
-- Records of QRTZ_JOB_DETAILS
-- ----------------------------
BEGIN;
COMMIT;

-- ----------------------------
-- Table structure for QRTZ_LOCKS
-- ----------------------------
DROP TABLE IF EXISTS `QRTZ_LOCKS`;
CREATE TABLE `QRTZ_LOCKS` (
  `sched_name` varchar(120) COLLATE utf8mb4_unicode_ci NOT NULL COMMENT '调度名称',
  `lock_name` varchar(40) COLLATE utf8mb4_unicode_ci NOT NULL COMMENT '悲观锁名称',
  PRIMARY KEY (`sched_name`,`lock_name`)
) ENGINE=InnoDB DEFAULT CHARSET=utf8mb4 COLLATE=utf8mb4_unicode_ci COMMENT='存储的悲观锁信息表';

-- ----------------------------
-- Records of QRTZ_LOCKS
-- ----------------------------
BEGIN;
COMMIT;

-- ----------------------------
-- Table structure for QRTZ_PAUSED_TRIGGER_GRPS
-- ----------------------------
DROP TABLE IF EXISTS `QRTZ_PAUSED_TRIGGER_GRPS`;
CREATE TABLE `QRTZ_PAUSED_TRIGGER_GRPS` (
  `sched_name` varchar(120) COLLATE utf8mb4_unicode_ci NOT NULL COMMENT '调度名称',
  `trigger_group` varchar(200) COLLATE utf8mb4_unicode_ci NOT NULL COMMENT 'qrtz_triggers表trigger_group的外键',
  PRIMARY KEY (`sched_name`,`trigger_group`)
) ENGINE=InnoDB DEFAULT CHARSET=utf8mb4 COLLATE=utf8mb4_unicode_ci COMMENT='暂停的触发器表';

-- ----------------------------
-- Records of QRTZ_PAUSED_TRIGGER_GRPS
-- ----------------------------
BEGIN;
COMMIT;

-- ----------------------------
-- Table structure for QRTZ_SCHEDULER_STATE
-- ----------------------------
DROP TABLE IF EXISTS `QRTZ_SCHEDULER_STATE`;
CREATE TABLE `QRTZ_SCHEDULER_STATE` (
  `sched_name` varchar(120) COLLATE utf8mb4_unicode_ci NOT NULL COMMENT '调度名称',
  `instance_name` varchar(200) COLLATE utf8mb4_unicode_ci NOT NULL COMMENT '实例名称',
  `last_checkin_time` bigint NOT NULL COMMENT '上次检查时间',
  `checkin_interval` bigint NOT NULL COMMENT '检查间隔时间',
  PRIMARY KEY (`sched_name`,`instance_name`)
) ENGINE=InnoDB DEFAULT CHARSET=utf8mb4 COLLATE=utf8mb4_unicode_ci COMMENT='调度器状态表';

-- ----------------------------
-- Records of QRTZ_SCHEDULER_STATE
-- ----------------------------
BEGIN;
COMMIT;

-- ----------------------------
-- Table structure for QRTZ_SIMPLE_TRIGGERS
-- ----------------------------
DROP TABLE IF EXISTS `QRTZ_SIMPLE_TRIGGERS`;
CREATE TABLE `QRTZ_SIMPLE_TRIGGERS` (
  `sched_name` varchar(120) COLLATE utf8mb4_unicode_ci NOT NULL COMMENT '调度名称',
  `trigger_name` varchar(200) COLLATE utf8mb4_unicode_ci NOT NULL COMMENT 'qrtz_triggers表trigger_name的外键',
  `trigger_group` varchar(200) COLLATE utf8mb4_unicode_ci NOT NULL COMMENT 'qrtz_triggers表trigger_group的外键',
  `repeat_count` bigint NOT NULL COMMENT '重复的次数统计',
  `repeat_interval` bigint NOT NULL COMMENT '重复的间隔时间',
  `times_triggered` bigint NOT NULL COMMENT '已经触发的次数',
  PRIMARY KEY (`sched_name`,`trigger_name`,`trigger_group`),
  CONSTRAINT `qrtz_simple_triggers_ibfk_1` FOREIGN KEY (`sched_name`, `trigger_name`, `trigger_group`) REFERENCES `QRTZ_TRIGGERS` (`sched_name`, `trigger_name`, `trigger_group`)
) ENGINE=InnoDB DEFAULT CHARSET=utf8mb4 COLLATE=utf8mb4_unicode_ci COMMENT='简单触发器的信息表';

-- ----------------------------
-- Records of QRTZ_SIMPLE_TRIGGERS
-- ----------------------------
BEGIN;
COMMIT;

-- ----------------------------
-- Table structure for QRTZ_SIMPROP_TRIGGERS
-- ----------------------------
DROP TABLE IF EXISTS `QRTZ_SIMPROP_TRIGGERS`;
CREATE TABLE `QRTZ_SIMPROP_TRIGGERS` (
  `sched_name` varchar(120) COLLATE utf8mb4_unicode_ci NOT NULL COMMENT '调度名称',
  `trigger_name` varchar(200) COLLATE utf8mb4_unicode_ci NOT NULL COMMENT 'qrtz_triggers表trigger_name的外键',
  `trigger_group` varchar(200) COLLATE utf8mb4_unicode_ci NOT NULL COMMENT 'qrtz_triggers表trigger_group的外键',
  `str_prop_1` varchar(512) COLLATE utf8mb4_unicode_ci DEFAULT NULL COMMENT 'String类型的trigger的第一个参数',
  `str_prop_2` varchar(512) COLLATE utf8mb4_unicode_ci DEFAULT NULL COMMENT 'String类型的trigger的第二个参数',
  `str_prop_3` varchar(512) COLLATE utf8mb4_unicode_ci DEFAULT NULL COMMENT 'String类型的trigger的第三个参数',
  `int_prop_1` int DEFAULT NULL COMMENT 'int类型的trigger的第一个参数',
  `int_prop_2` int DEFAULT NULL COMMENT 'int类型的trigger的第二个参数',
  `long_prop_1` bigint DEFAULT NULL COMMENT 'long类型的trigger的第一个参数',
  `long_prop_2` bigint DEFAULT NULL COMMENT 'long类型的trigger的第二个参数',
  `dec_prop_1` decimal(13,4) DEFAULT NULL COMMENT 'decimal类型的trigger的第一个参数',
  `dec_prop_2` decimal(13,4) DEFAULT NULL COMMENT 'decimal类型的trigger的第二个参数',
  `bool_prop_1` varchar(1) COLLATE utf8mb4_unicode_ci DEFAULT NULL COMMENT 'Boolean类型的trigger的第一个参数',
  `bool_prop_2` varchar(1) COLLATE utf8mb4_unicode_ci DEFAULT NULL COMMENT 'Boolean类型的trigger的第二个参数',
  PRIMARY KEY (`sched_name`,`trigger_name`,`trigger_group`),
  CONSTRAINT `qrtz_simprop_triggers_ibfk_1` FOREIGN KEY (`sched_name`, `trigger_name`, `trigger_group`) REFERENCES `QRTZ_TRIGGERS` (`sched_name`, `trigger_name`, `trigger_group`)
) ENGINE=InnoDB DEFAULT CHARSET=utf8mb4 COLLATE=utf8mb4_unicode_ci COMMENT='同步机制的行锁表';

-- ----------------------------
-- Records of QRTZ_SIMPROP_TRIGGERS
-- ----------------------------
BEGIN;
COMMIT;

-- ----------------------------
-- Table structure for QRTZ_TRIGGERS
-- ----------------------------
DROP TABLE IF EXISTS `QRTZ_TRIGGERS`;
CREATE TABLE `QRTZ_TRIGGERS` (
  `sched_name` varchar(120) COLLATE utf8mb4_unicode_ci NOT NULL COMMENT '调度名称',
  `trigger_name` varchar(200) COLLATE utf8mb4_unicode_ci NOT NULL COMMENT '触发器的名字',
  `trigger_group` varchar(200) COLLATE utf8mb4_unicode_ci NOT NULL COMMENT '触发器所属组的名字',
  `job_name` varchar(200) COLLATE utf8mb4_unicode_ci NOT NULL COMMENT 'qrtz_job_details表job_name的外键',
  `job_group` varchar(200) COLLATE utf8mb4_unicode_ci NOT NULL COMMENT 'qrtz_job_details表job_group的外键',
  `description` varchar(250) COLLATE utf8mb4_unicode_ci DEFAULT NULL COMMENT '相关介绍',
  `next_fire_time` bigint DEFAULT NULL COMMENT '上一次触发时间（毫秒）',
  `prev_fire_time` bigint DEFAULT NULL COMMENT '下一次触发时间（默认为-1表示不触发）',
  `priority` int DEFAULT NULL COMMENT '优先级',
  `trigger_state` varchar(16) COLLATE utf8mb4_unicode_ci NOT NULL COMMENT '触发器状态',
  `trigger_type` varchar(8) COLLATE utf8mb4_unicode_ci NOT NULL COMMENT '触发器的类型',
  `start_time` bigint NOT NULL COMMENT '开始时间',
  `end_time` bigint DEFAULT NULL COMMENT '结束时间',
  `calendar_name` varchar(200) COLLATE utf8mb4_unicode_ci DEFAULT NULL COMMENT '日程表名称',
  `misfire_instr` smallint DEFAULT NULL COMMENT '补偿执行的策略',
  `job_data` blob COMMENT '存放持久化job对象',
  PRIMARY KEY (`sched_name`,`trigger_name`,`trigger_group`),
  KEY `sched_name` (`sched_name`,`job_name`,`job_group`),
  CONSTRAINT `qrtz_triggers_ibfk_1` FOREIGN KEY (`sched_name`, `job_name`, `job_group`) REFERENCES `QRTZ_JOB_DETAILS` (`sched_name`, `job_name`, `job_group`)
) ENGINE=InnoDB DEFAULT CHARSET=utf8mb4 COLLATE=utf8mb4_unicode_ci COMMENT='触发器详细信息表';

-- ----------------------------
-- Records of QRTZ_TRIGGERS
-- ----------------------------
BEGIN;
COMMIT;

-- ----------------------------
-- Table structure for sys_config
-- ----------------------------
DROP TABLE IF EXISTS `sys_config`;
CREATE TABLE `sys_config` (
  `config_id` int NOT NULL AUTO_INCREMENT COMMENT '参数主键',
  `config_name` varchar(100) COLLATE utf8mb4_unicode_ci DEFAULT '' COMMENT '参数名称',
  `config_key` varchar(100) COLLATE utf8mb4_unicode_ci DEFAULT '' COMMENT '参数键名',
  `config_value` varchar(500) COLLATE utf8mb4_unicode_ci DEFAULT '' COMMENT '参数键值',
  `config_type` char(1) COLLATE utf8mb4_unicode_ci DEFAULT 'N' COMMENT '系统内置（Y是 N否）',
  `create_by` varchar(64) COLLATE utf8mb4_unicode_ci DEFAULT '' COMMENT '创建者',
  `create_time` datetime DEFAULT NULL COMMENT '创建时间',
  `update_by` varchar(64) COLLATE utf8mb4_unicode_ci DEFAULT '' COMMENT '更新者',
  `update_time` datetime DEFAULT NULL COMMENT '更新时间',
  `remark` varchar(500) COLLATE utf8mb4_unicode_ci DEFAULT NULL COMMENT '备注',
  PRIMARY KEY (`config_id`)
) ENGINE=InnoDB AUTO_INCREMENT=100 DEFAULT CHARSET=utf8mb4 COLLATE=utf8mb4_unicode_ci COMMENT='参数配置表';

-- ----------------------------
-- Records of sys_config
-- ----------------------------
BEGIN;
INSERT INTO `sys_config` (`config_id`, `config_name`, `config_key`, `config_value`, `config_type`, `create_by`, `create_time`, `update_by`, `update_time`, `remark`) VALUES (1, '主框架页-默认皮肤样式名称', 'sys.index.skinName', 'skin-blue', 'Y', 'admin', '2024-05-26 23:24:15', '', NULL, '蓝色 skin-blue、绿色 skin-green、紫色 skin-purple、红色 skin-red、黄色 skin-yellow');
INSERT INTO `sys_config` (`config_id`, `config_name`, `config_key`, `config_value`, `config_type`, `create_by`, `create_time`, `update_by`, `update_time`, `remark`) VALUES (2, '用户管理-账号初始密码', 'sys.user.initPassword', '123456', 'Y', 'admin', '2024-05-26 23:24:15', '', NULL, '初始化密码 123456');
INSERT INTO `sys_config` (`config_id`, `config_name`, `config_key`, `config_value`, `config_type`, `create_by`, `create_time`, `update_by`, `update_time`, `remark`) VALUES (3, '主框架页-侧边栏主题', 'sys.index.sideTheme', 'theme-dark', 'Y', 'admin', '2024-05-26 23:24:15', '', NULL, '深色主题theme-dark，浅色主题theme-light');
INSERT INTO `sys_config` (`config_id`, `config_name`, `config_key`, `config_value`, `config_type`, `create_by`, `create_time`, `update_by`, `update_time`, `remark`) VALUES (4, '账号自助-验证码开关', 'sys.account.captchaEnabled', 'true', 'Y', 'admin', '2024-05-26 23:24:15', '', NULL, '是否开启验证码功能（true开启，false关闭）');
INSERT INTO `sys_config` (`config_id`, `config_name`, `config_key`, `config_value`, `config_type`, `create_by`, `create_time`, `update_by`, `update_time`, `remark`) VALUES (5, '账号自助-是否开启用户注册功能', 'sys.account.registerUser', 'false', 'Y', 'admin', '2024-05-26 23:24:15', '', NULL, '是否开启注册用户功能（true开启，false关闭）');
INSERT INTO `sys_config` (`config_id`, `config_name`, `config_key`, `config_value`, `config_type`, `create_by`, `create_time`, `update_by`, `update_time`, `remark`) VALUES (6, '用户登录-黑名单列表', 'sys.login.blackIPList', '', 'Y', 'admin', '2024-05-26 23:24:15', '', NULL, '设置登录IP黑名单限制，多个匹配项以;分隔，支持匹配（*通配、网段）');
COMMIT;

-- ----------------------------
-- Table structure for sys_dept
-- ----------------------------
DROP TABLE IF EXISTS `sys_dept`;
CREATE TABLE `sys_dept` (
  `dept_id` bigint NOT NULL AUTO_INCREMENT COMMENT '部门id',
  `parent_id` bigint DEFAULT '0' COMMENT '父部门id',
  `ancestors` varchar(50) COLLATE utf8mb4_unicode_ci DEFAULT '' COMMENT '祖级列表',
  `dept_name` varchar(30) COLLATE utf8mb4_unicode_ci DEFAULT '' COMMENT '部门名称',
  `order_num` int DEFAULT '0' COMMENT '显示顺序',
  `leader` varchar(20) COLLATE utf8mb4_unicode_ci DEFAULT NULL COMMENT '负责人',
  `phone` varchar(11) COLLATE utf8mb4_unicode_ci DEFAULT NULL COMMENT '联系电话',
  `email` varchar(50) COLLATE utf8mb4_unicode_ci DEFAULT NULL COMMENT '邮箱',
  `status` char(1) COLLATE utf8mb4_unicode_ci DEFAULT '0' COMMENT '部门状态（0正常 1停用）',
  `del_flag` char(1) COLLATE utf8mb4_unicode_ci DEFAULT '0' COMMENT '删除标志（0代表存在 2代表删除）',
  `create_by` varchar(64) COLLATE utf8mb4_unicode_ci DEFAULT '' COMMENT '创建者',
  `create_time` datetime DEFAULT NULL COMMENT '创建时间',
  `update_by` varchar(64) COLLATE utf8mb4_unicode_ci DEFAULT '' COMMENT '更新者',
  `update_time` datetime DEFAULT NULL COMMENT '更新时间',
  PRIMARY KEY (`dept_id`)
) ENGINE=InnoDB AUTO_INCREMENT=200 DEFAULT CHARSET=utf8mb4 COLLATE=utf8mb4_unicode_ci COMMENT='部门表';

-- ----------------------------
-- Records of sys_dept
-- ----------------------------
BEGIN;
INSERT INTO `sys_dept` (`dept_id`, `parent_id`, `ancestors`, `dept_name`, `order_num`, `leader`, `phone`, `email`, `status`, `del_flag`, `create_by`, `create_time`, `update_by`, `update_time`) VALUES (100, 0, '0', '若依科技', 0, '若依', '15888888888', 'ry@qq.com', '0', '0', 'admin', '2024-05-26 23:24:14', '', NULL);
INSERT INTO `sys_dept` (`dept_id`, `parent_id`, `ancestors`, `dept_name`, `order_num`, `leader`, `phone`, `email`, `status`, `del_flag`, `create_by`, `create_time`, `update_by`, `update_time`) VALUES (101, 100, '0,100', '深圳总公司', 1, '若依', '15888888888', 'ry@qq.com', '0', '0', 'admin', '2024-05-26 23:24:14', '', NULL);
INSERT INTO `sys_dept` (`dept_id`, `parent_id`, `ancestors`, `dept_name`, `order_num`, `leader`, `phone`, `email`, `status`, `del_flag`, `create_by`, `create_time`, `update_by`, `update_time`) VALUES (102, 100, '0,100', '长沙分公司', 2, '若依', '15888888888', 'ry@qq.com', '0', '0', 'admin', '2024-05-26 23:24:14', '', NULL);
INSERT INTO `sys_dept` (`dept_id`, `parent_id`, `ancestors`, `dept_name`, `order_num`, `leader`, `phone`, `email`, `status`, `del_flag`, `create_by`, `create_time`, `update_by`, `update_time`) VALUES (103, 101, '0,100,101', '研发部门', 1, '若依', '15888888888', 'ry@qq.com', '0', '0', 'admin', '2024-05-26 23:24:14', '', NULL);
INSERT INTO `sys_dept` (`dept_id`, `parent_id`, `ancestors`, `dept_name`, `order_num`, `leader`, `phone`, `email`, `status`, `del_flag`, `create_by`, `create_time`, `update_by`, `update_time`) VALUES (104, 101, '0,100,101', '市场部门', 2, '若依', '15888888888', 'ry@qq.com', '0', '0', 'admin', '2024-05-26 23:24:14', '', NULL);
INSERT INTO `sys_dept` (`dept_id`, `parent_id`, `ancestors`, `dept_name`, `order_num`, `leader`, `phone`, `email`, `status`, `del_flag`, `create_by`, `create_time`, `update_by`, `update_time`) VALUES (105, 101, '0,100,101', '测试部门', 3, '若依', '15888888888', 'ry@qq.com', '0', '0', 'admin', '2024-05-26 23:24:14', '', NULL);
INSERT INTO `sys_dept` (`dept_id`, `parent_id`, `ancestors`, `dept_name`, `order_num`, `leader`, `phone`, `email`, `status`, `del_flag`, `create_by`, `create_time`, `update_by`, `update_time`) VALUES (106, 101, '0,100,101', '财务部门', 4, '若依', '15888888888', 'ry@qq.com', '0', '0', 'admin', '2024-05-26 23:24:14', '', NULL);
INSERT INTO `sys_dept` (`dept_id`, `parent_id`, `ancestors`, `dept_name`, `order_num`, `leader`, `phone`, `email`, `status`, `del_flag`, `create_by`, `create_time`, `update_by`, `update_time`) VALUES (107, 101, '0,100,101', '运维部门', 5, '若依', '15888888888', 'ry@qq.com', '0', '0', 'admin', '2024-05-26 23:24:14', '', NULL);
INSERT INTO `sys_dept` (`dept_id`, `parent_id`, `ancestors`, `dept_name`, `order_num`, `leader`, `phone`, `email`, `status`, `del_flag`, `create_by`, `create_time`, `update_by`, `update_time`) VALUES (108, 102, '0,100,102', '市场部门', 1, '若依', '15888888888', 'ry@qq.com', '0', '0', 'admin', '2024-05-26 23:24:14', '', NULL);
INSERT INTO `sys_dept` (`dept_id`, `parent_id`, `ancestors`, `dept_name`, `order_num`, `leader`, `phone`, `email`, `status`, `del_flag`, `create_by`, `create_time`, `update_by`, `update_time`) VALUES (109, 102, '0,100,102', '财务部门', 2, '若依', '15888888888', 'ry@qq.com', '0', '0', 'admin', '2024-05-26 23:24:14', '', NULL);
COMMIT;

-- ----------------------------
-- Table structure for sys_dict_data
-- ----------------------------
DROP TABLE IF EXISTS `sys_dict_data`;
CREATE TABLE `sys_dict_data` (
  `dict_code` bigint NOT NULL AUTO_INCREMENT COMMENT '字典编码',
  `dict_sort` int DEFAULT '0' COMMENT '字典排序',
  `dict_label` varchar(100) COLLATE utf8mb4_unicode_ci DEFAULT '' COMMENT '字典标签',
  `dict_value` varchar(100) COLLATE utf8mb4_unicode_ci DEFAULT '' COMMENT '字典键值',
  `dict_type` varchar(100) COLLATE utf8mb4_unicode_ci DEFAULT '' COMMENT '字典类型',
  `css_class` varchar(100) COLLATE utf8mb4_unicode_ci DEFAULT NULL COMMENT '样式属性（其他样式扩展）',
  `list_class` varchar(100) COLLATE utf8mb4_unicode_ci DEFAULT NULL COMMENT '表格回显样式',
  `is_default` char(1) COLLATE utf8mb4_unicode_ci DEFAULT 'N' COMMENT '是否默认（Y是 N否）',
  `status` char(1) COLLATE utf8mb4_unicode_ci DEFAULT '0' COMMENT '状态（0正常 1停用）',
  `create_by` varchar(64) COLLATE utf8mb4_unicode_ci DEFAULT '' COMMENT '创建者',
  `create_time` datetime DEFAULT NULL COMMENT '创建时间',
  `update_by` varchar(64) COLLATE utf8mb4_unicode_ci DEFAULT '' COMMENT '更新者',
  `update_time` datetime DEFAULT NULL COMMENT '更新时间',
  `remark` varchar(500) COLLATE utf8mb4_unicode_ci DEFAULT NULL COMMENT '备注',
  PRIMARY KEY (`dict_code`)
) ENGINE=InnoDB AUTO_INCREMENT=100 DEFAULT CHARSET=utf8mb4 COLLATE=utf8mb4_unicode_ci COMMENT='字典数据表';

-- ----------------------------
-- Records of sys_dict_data
-- ----------------------------
BEGIN;
INSERT INTO `sys_dict_data` (`dict_code`, `dict_sort`, `dict_label`, `dict_value`, `dict_type`, `css_class`, `list_class`, `is_default`, `status`, `create_by`, `create_time`, `update_by`, `update_time`, `remark`) VALUES (1, 1, '男', '0', 'sys_user_sex', '', '', 'Y', '0', 'admin', '2024-05-26 23:24:15', '', NULL, '性别男');
INSERT INTO `sys_dict_data` (`dict_code`, `dict_sort`, `dict_label`, `dict_value`, `dict_type`, `css_class`, `list_class`, `is_default`, `status`, `create_by`, `create_time`, `update_by`, `update_time`, `remark`) VALUES (2, 2, '女', '1', 'sys_user_sex', '', '', 'N', '0', 'admin', '2024-05-26 23:24:15', '', NULL, '性别女');
INSERT INTO `sys_dict_data` (`dict_code`, `dict_sort`, `dict_label`, `dict_value`, `dict_type`, `css_class`, `list_class`, `is_default`, `status`, `create_by`, `create_time`, `update_by`, `update_time`, `remark`) VALUES (3, 3, '未知', '2', 'sys_user_sex', '', '', 'N', '0', 'admin', '2024-05-26 23:24:15', '', NULL, '性别未知');
INSERT INTO `sys_dict_data` (`dict_code`, `dict_sort`, `dict_label`, `dict_value`, `dict_type`, `css_class`, `list_class`, `is_default`, `status`, `create_by`, `create_time`, `update_by`, `update_time`, `remark`) VALUES (4, 1, '显示', '0', 'sys_show_hide', '', 'primary', 'Y', '0', 'admin', '2024-05-26 23:24:15', '', NULL, '显示菜单');
INSERT INTO `sys_dict_data` (`dict_code`, `dict_sort`, `dict_label`, `dict_value`, `dict_type`, `css_class`, `list_class`, `is_default`, `status`, `create_by`, `create_time`, `update_by`, `update_time`, `remark`) VALUES (5, 2, '隐藏', '1', 'sys_show_hide', '', 'danger', 'N', '0', 'admin', '2024-05-26 23:24:15', '', NULL, '隐藏菜单');
INSERT INTO `sys_dict_data` (`dict_code`, `dict_sort`, `dict_label`, `dict_value`, `dict_type`, `css_class`, `list_class`, `is_default`, `status`, `create_by`, `create_time`, `update_by`, `update_time`, `remark`) VALUES (6, 1, '正常', '0', 'sys_normal_disable', '', 'primary', 'Y', '0', 'admin', '2024-05-26 23:24:15', '', NULL, '正常状态');
INSERT INTO `sys_dict_data` (`dict_code`, `dict_sort`, `dict_label`, `dict_value`, `dict_type`, `css_class`, `list_class`, `is_default`, `status`, `create_by`, `create_time`, `update_by`, `update_time`, `remark`) VALUES (7, 2, '停用', '1', 'sys_normal_disable', '', 'danger', 'N', '0', 'admin', '2024-05-26 23:24:15', '', NULL, '停用状态');
INSERT INTO `sys_dict_data` (`dict_code`, `dict_sort`, `dict_label`, `dict_value`, `dict_type`, `css_class`, `list_class`, `is_default`, `status`, `create_by`, `create_time`, `update_by`, `update_time`, `remark`) VALUES (8, 1, '正常', '0', 'sys_job_status', '', 'primary', 'Y', '0', 'admin', '2024-05-26 23:24:15', '', NULL, '正常状态');
INSERT INTO `sys_dict_data` (`dict_code`, `dict_sort`, `dict_label`, `dict_value`, `dict_type`, `css_class`, `list_class`, `is_default`, `status`, `create_by`, `create_time`, `update_by`, `update_time`, `remark`) VALUES (9, 2, '暂停', '1', 'sys_job_status', '', 'danger', 'N', '0', 'admin', '2024-05-26 23:24:15', '', NULL, '停用状态');
INSERT INTO `sys_dict_data` (`dict_code`, `dict_sort`, `dict_label`, `dict_value`, `dict_type`, `css_class`, `list_class`, `is_default`, `status`, `create_by`, `create_time`, `update_by`, `update_time`, `remark`) VALUES (10, 1, '默认', 'DEFAULT', 'sys_job_group', '', '', 'Y', '0', 'admin', '2024-05-26 23:24:15', '', NULL, '默认分组');
INSERT INTO `sys_dict_data` (`dict_code`, `dict_sort`, `dict_label`, `dict_value`, `dict_type`, `css_class`, `list_class`, `is_default`, `status`, `create_by`, `create_time`, `update_by`, `update_time`, `remark`) VALUES (11, 2, '系统', 'SYSTEM', 'sys_job_group', '', '', 'N', '0', 'admin', '2024-05-26 23:24:15', '', NULL, '系统分组');
INSERT INTO `sys_dict_data` (`dict_code`, `dict_sort`, `dict_label`, `dict_value`, `dict_type`, `css_class`, `list_class`, `is_default`, `status`, `create_by`, `create_time`, `update_by`, `update_time`, `remark`) VALUES (12, 1, '是', 'Y', 'sys_yes_no', '', 'primary', 'Y', '0', 'admin', '2024-05-26 23:24:15', '', NULL, '系统默认是');
INSERT INTO `sys_dict_data` (`dict_code`, `dict_sort`, `dict_label`, `dict_value`, `dict_type`, `css_class`, `list_class`, `is_default`, `status`, `create_by`, `create_time`, `update_by`, `update_time`, `remark`) VALUES (13, 2, '否', 'N', 'sys_yes_no', '', 'danger', 'N', '0', 'admin', '2024-05-26 23:24:15', '', NULL, '系统默认否');
INSERT INTO `sys_dict_data` (`dict_code`, `dict_sort`, `dict_label`, `dict_value`, `dict_type`, `css_class`, `list_class`, `is_default`, `status`, `create_by`, `create_time`, `update_by`, `update_time`, `remark`) VALUES (14, 1, '通知', '1', 'sys_notice_type', '', 'warning', 'Y', '0', 'admin', '2024-05-26 23:24:15', '', NULL, '通知');
INSERT INTO `sys_dict_data` (`dict_code`, `dict_sort`, `dict_label`, `dict_value`, `dict_type`, `css_class`, `list_class`, `is_default`, `status`, `create_by`, `create_time`, `update_by`, `update_time`, `remark`) VALUES (15, 2, '公告', '2', 'sys_notice_type', '', 'success', 'N', '0', 'admin', '2024-05-26 23:24:15', '', NULL, '公告');
INSERT INTO `sys_dict_data` (`dict_code`, `dict_sort`, `dict_label`, `dict_value`, `dict_type`, `css_class`, `list_class`, `is_default`, `status`, `create_by`, `create_time`, `update_by`, `update_time`, `remark`) VALUES (16, 1, '正常', '0', 'sys_notice_status', '', 'primary', 'Y', '0', 'admin', '2024-05-26 23:24:15', '', NULL, '正常状态');
INSERT INTO `sys_dict_data` (`dict_code`, `dict_sort`, `dict_label`, `dict_value`, `dict_type`, `css_class`, `list_class`, `is_default`, `status`, `create_by`, `create_time`, `update_by`, `update_time`, `remark`) VALUES (17, 2, '关闭', '1', 'sys_notice_status', '', 'danger', 'N', '0', 'admin', '2024-05-26 23:24:15', '', NULL, '关闭状态');
INSERT INTO `sys_dict_data` (`dict_code`, `dict_sort`, `dict_label`, `dict_value`, `dict_type`, `css_class`, `list_class`, `is_default`, `status`, `create_by`, `create_time`, `update_by`, `update_time`, `remark`) VALUES (18, 99, '其他', '0', 'sys_oper_type', '', 'info', 'N', '0', 'admin', '2024-05-26 23:24:15', '', NULL, '其他操作');
INSERT INTO `sys_dict_data` (`dict_code`, `dict_sort`, `dict_label`, `dict_value`, `dict_type`, `css_class`, `list_class`, `is_default`, `status`, `create_by`, `create_time`, `update_by`, `update_time`, `remark`) VALUES (19, 1, '新增', '1', 'sys_oper_type', '', 'info', 'N', '0', 'admin', '2024-05-26 23:24:15', '', NULL, '新增操作');
INSERT INTO `sys_dict_data` (`dict_code`, `dict_sort`, `dict_label`, `dict_value`, `dict_type`, `css_class`, `list_class`, `is_default`, `status`, `create_by`, `create_time`, `update_by`, `update_time`, `remark`) VALUES (20, 2, '修改', '2', 'sys_oper_type', '', 'info', 'N', '0', 'admin', '2024-05-26 23:24:15', '', NULL, '修改操作');
INSERT INTO `sys_dict_data` (`dict_code`, `dict_sort`, `dict_label`, `dict_value`, `dict_type`, `css_class`, `list_class`, `is_default`, `status`, `create_by`, `create_time`, `update_by`, `update_time`, `remark`) VALUES (21, 3, '删除', '3', 'sys_oper_type', '', 'danger', 'N', '0', 'admin', '2024-05-26 23:24:15', '', NULL, '删除操作');
INSERT INTO `sys_dict_data` (`dict_code`, `dict_sort`, `dict_label`, `dict_value`, `dict_type`, `css_class`, `list_class`, `is_default`, `status`, `create_by`, `create_time`, `update_by`, `update_time`, `remark`) VALUES (22, 4, '授权', '4', 'sys_oper_type', '', 'primary', 'N', '0', 'admin', '2024-05-26 23:24:15', '', NULL, '授权操作');
INSERT INTO `sys_dict_data` (`dict_code`, `dict_sort`, `dict_label`, `dict_value`, `dict_type`, `css_class`, `list_class`, `is_default`, `status`, `create_by`, `create_time`, `update_by`, `update_time`, `remark`) VALUES (23, 5, '导出', '5', 'sys_oper_type', '', 'warning', 'N', '0', 'admin', '2024-05-26 23:24:15', '', NULL, '导出操作');
INSERT INTO `sys_dict_data` (`dict_code`, `dict_sort`, `dict_label`, `dict_value`, `dict_type`, `css_class`, `list_class`, `is_default`, `status`, `create_by`, `create_time`, `update_by`, `update_time`, `remark`) VALUES (24, 6, '导入', '6', 'sys_oper_type', '', 'warning', 'N', '0', 'admin', '2024-05-26 23:24:15', '', NULL, '导入操作');
INSERT INTO `sys_dict_data` (`dict_code`, `dict_sort`, `dict_label`, `dict_value`, `dict_type`, `css_class`, `list_class`, `is_default`, `status`, `create_by`, `create_time`, `update_by`, `update_time`, `remark`) VALUES (25, 7, '强退', '7', 'sys_oper_type', '', 'danger', 'N', '0', 'admin', '2024-05-26 23:24:15', '', NULL, '强退操作');
INSERT INTO `sys_dict_data` (`dict_code`, `dict_sort`, `dict_label`, `dict_value`, `dict_type`, `css_class`, `list_class`, `is_default`, `status`, `create_by`, `create_time`, `update_by`, `update_time`, `remark`) VALUES (26, 8, '生成代码', '8', 'sys_oper_type', '', 'warning', 'N', '0', 'admin', '2024-05-26 23:24:15', '', NULL, '生成操作');
INSERT INTO `sys_dict_data` (`dict_code`, `dict_sort`, `dict_label`, `dict_value`, `dict_type`, `css_class`, `list_class`, `is_default`, `status`, `create_by`, `create_time`, `update_by`, `update_time`, `remark`) VALUES (27, 9, '清空数据', '9', 'sys_oper_type', '', 'danger', 'N', '0', 'admin', '2024-05-26 23:24:15', '', NULL, '清空操作');
INSERT INTO `sys_dict_data` (`dict_code`, `dict_sort`, `dict_label`, `dict_value`, `dict_type`, `css_class`, `list_class`, `is_default`, `status`, `create_by`, `create_time`, `update_by`, `update_time`, `remark`) VALUES (28, 1, '成功', '0', 'sys_common_status', '', 'primary', 'N', '0', 'admin', '2024-05-26 23:24:15', '', NULL, '正常状态');
INSERT INTO `sys_dict_data` (`dict_code`, `dict_sort`, `dict_label`, `dict_value`, `dict_type`, `css_class`, `list_class`, `is_default`, `status`, `create_by`, `create_time`, `update_by`, `update_time`, `remark`) VALUES (29, 2, '失败', '1', 'sys_common_status', '', 'danger', 'N', '0', 'admin', '2024-05-26 23:24:15', '', NULL, '停用状态');
COMMIT;

-- ----------------------------
-- Table structure for sys_dict_type
-- ----------------------------
DROP TABLE IF EXISTS `sys_dict_type`;
CREATE TABLE `sys_dict_type` (
  `dict_id` bigint NOT NULL AUTO_INCREMENT COMMENT '字典主键',
  `dict_name` varchar(100) COLLATE utf8mb4_unicode_ci DEFAULT '' COMMENT '字典名称',
  `dict_type` varchar(100) COLLATE utf8mb4_unicode_ci DEFAULT '' COMMENT '字典类型',
  `status` char(1) COLLATE utf8mb4_unicode_ci DEFAULT '0' COMMENT '状态（0正常 1停用）',
  `create_by` varchar(64) COLLATE utf8mb4_unicode_ci DEFAULT '' COMMENT '创建者',
  `create_time` datetime DEFAULT NULL COMMENT '创建时间',
  `update_by` varchar(64) COLLATE utf8mb4_unicode_ci DEFAULT '' COMMENT '更新者',
  `update_time` datetime DEFAULT NULL COMMENT '更新时间',
  `remark` varchar(500) COLLATE utf8mb4_unicode_ci DEFAULT NULL COMMENT '备注',
  PRIMARY KEY (`dict_id`),
  UNIQUE KEY `dict_type` (`dict_type`)
) ENGINE=InnoDB AUTO_INCREMENT=100 DEFAULT CHARSET=utf8mb4 COLLATE=utf8mb4_unicode_ci COMMENT='字典类型表';

-- ----------------------------
-- Records of sys_dict_type
-- ----------------------------
BEGIN;
INSERT INTO `sys_dict_type` (`dict_id`, `dict_name`, `dict_type`, `status`, `create_by`, `create_time`, `update_by`, `update_time`, `remark`) VALUES (1, '用户性别', 'sys_user_sex', '0', 'admin', '2024-05-26 23:24:15', '', NULL, '用户性别列表');
INSERT INTO `sys_dict_type` (`dict_id`, `dict_name`, `dict_type`, `status`, `create_by`, `create_time`, `update_by`, `update_time`, `remark`) VALUES (2, '菜单状态', 'sys_show_hide', '0', 'admin', '2024-05-26 23:24:15', '', NULL, '菜单状态列表');
INSERT INTO `sys_dict_type` (`dict_id`, `dict_name`, `dict_type`, `status`, `create_by`, `create_time`, `update_by`, `update_time`, `remark`) VALUES (3, '系统开关', 'sys_normal_disable', '0', 'admin', '2024-05-26 23:24:15', '', NULL, '系统开关列表');
INSERT INTO `sys_dict_type` (`dict_id`, `dict_name`, `dict_type`, `status`, `create_by`, `create_time`, `update_by`, `update_time`, `remark`) VALUES (4, '任务状态', 'sys_job_status', '0', 'admin', '2024-05-26 23:24:15', '', NULL, '任务状态列表');
INSERT INTO `sys_dict_type` (`dict_id`, `dict_name`, `dict_type`, `status`, `create_by`, `create_time`, `update_by`, `update_time`, `remark`) VALUES (5, '任务分组', 'sys_job_group', '0', 'admin', '2024-05-26 23:24:15', '', NULL, '任务分组列表');
INSERT INTO `sys_dict_type` (`dict_id`, `dict_name`, `dict_type`, `status`, `create_by`, `create_time`, `update_by`, `update_time`, `remark`) VALUES (6, '系统是否', 'sys_yes_no', '0', 'admin', '2024-05-26 23:24:15', '', NULL, '系统是否列表');
INSERT INTO `sys_dict_type` (`dict_id`, `dict_name`, `dict_type`, `status`, `create_by`, `create_time`, `update_by`, `update_time`, `remark`) VALUES (7, '通知类型', 'sys_notice_type', '0', 'admin', '2024-05-26 23:24:15', '', NULL, '通知类型列表');
INSERT INTO `sys_dict_type` (`dict_id`, `dict_name`, `dict_type`, `status`, `create_by`, `create_time`, `update_by`, `update_time`, `remark`) VALUES (8, '通知状态', 'sys_notice_status', '0', 'admin', '2024-05-26 23:24:15', '', NULL, '通知状态列表');
INSERT INTO `sys_dict_type` (`dict_id`, `dict_name`, `dict_type`, `status`, `create_by`, `create_time`, `update_by`, `update_time`, `remark`) VALUES (9, '操作类型', 'sys_oper_type', '0', 'admin', '2024-05-26 23:24:15', '', NULL, '操作类型列表');
INSERT INTO `sys_dict_type` (`dict_id`, `dict_name`, `dict_type`, `status`, `create_by`, `create_time`, `update_by`, `update_time`, `remark`) VALUES (10, '系统状态', 'sys_common_status', '0', 'admin', '2024-05-26 23:24:15', '', NULL, '登录状态列表');
COMMIT;

-- ----------------------------
-- Table structure for sys_job
-- ----------------------------
DROP TABLE IF EXISTS `sys_job`;
CREATE TABLE `sys_job` (
  `job_id` bigint NOT NULL AUTO_INCREMENT COMMENT '任务ID',
  `job_name` varchar(64) COLLATE utf8mb4_unicode_ci NOT NULL DEFAULT '' COMMENT '任务名称',
  `job_group` varchar(64) COLLATE utf8mb4_unicode_ci NOT NULL DEFAULT 'DEFAULT' COMMENT '任务组名',
  `invoke_target` varchar(500) COLLATE utf8mb4_unicode_ci NOT NULL COMMENT '调用目标字符串',
  `cron_expression` varchar(255) COLLATE utf8mb4_unicode_ci DEFAULT '' COMMENT 'cron执行表达式',
  `misfire_policy` varchar(20) COLLATE utf8mb4_unicode_ci DEFAULT '3' COMMENT '计划执行错误策略（1立即执行 2执行一次 3放弃执行）',
  `concurrent` char(1) COLLATE utf8mb4_unicode_ci DEFAULT '1' COMMENT '是否并发执行（0允许 1禁止）',
  `status` char(1) COLLATE utf8mb4_unicode_ci DEFAULT '0' COMMENT '状态（0正常 1暂停）',
  `create_by` varchar(64) COLLATE utf8mb4_unicode_ci DEFAULT '' COMMENT '创建者',
  `create_time` datetime DEFAULT NULL COMMENT '创建时间',
  `update_by` varchar(64) COLLATE utf8mb4_unicode_ci DEFAULT '' COMMENT '更新者',
  `update_time` datetime DEFAULT NULL COMMENT '更新时间',
  `remark` varchar(500) COLLATE utf8mb4_unicode_ci DEFAULT '' COMMENT '备注信息',
  PRIMARY KEY (`job_id`,`job_name`,`job_group`)
) ENGINE=InnoDB AUTO_INCREMENT=100 DEFAULT CHARSET=utf8mb4 COLLATE=utf8mb4_unicode_ci COMMENT='定时任务调度表';

-- ----------------------------
-- Records of sys_job
-- ----------------------------
BEGIN;
INSERT INTO `sys_job` (`job_id`, `job_name`, `job_group`, `invoke_target`, `cron_expression`, `misfire_policy`, `concurrent`, `status`, `create_by`, `create_time`, `update_by`, `update_time`, `remark`) VALUES (1, '系统默认（无参）', 'DEFAULT', 'ryTask.ryNoParams', '0/10 * * * * ?', '3', '1', '1', 'admin', '2024-05-26 23:24:15', '', NULL, '');
INSERT INTO `sys_job` (`job_id`, `job_name`, `job_group`, `invoke_target`, `cron_expression`, `misfire_policy`, `concurrent`, `status`, `create_by`, `create_time`, `update_by`, `update_time`, `remark`) VALUES (2, '系统默认（有参）', 'DEFAULT', 'ryTask.ryParams(\'ry\')', '0/15 * * * * ?', '3', '1', '1', 'admin', '2024-05-26 23:24:15', '', NULL, '');
INSERT INTO `sys_job` (`job_id`, `job_name`, `job_group`, `invoke_target`, `cron_expression`, `misfire_policy`, `concurrent`, `status`, `create_by`, `create_time`, `update_by`, `update_time`, `remark`) VALUES (3, '系统默认（多参）', 'DEFAULT', 'ryTask.ryMultipleParams(\'ry\', true, 2000L, 316.50D, 100)', '0/20 * * * * ?', '3', '1', '1', 'admin', '2024-05-26 23:24:15', '', NULL, '');
COMMIT;

-- ----------------------------
-- Table structure for sys_job_log
-- ----------------------------
DROP TABLE IF EXISTS `sys_job_log`;
CREATE TABLE `sys_job_log` (
  `job_log_id` bigint NOT NULL AUTO_INCREMENT COMMENT '任务日志ID',
  `job_name` varchar(64) COLLATE utf8mb4_unicode_ci NOT NULL COMMENT '任务名称',
  `job_group` varchar(64) COLLATE utf8mb4_unicode_ci NOT NULL COMMENT '任务组名',
  `invoke_target` varchar(500) COLLATE utf8mb4_unicode_ci NOT NULL COMMENT '调用目标字符串',
  `job_message` varchar(500) COLLATE utf8mb4_unicode_ci DEFAULT NULL COMMENT '日志信息',
  `status` char(1) COLLATE utf8mb4_unicode_ci DEFAULT '0' COMMENT '执行状态（0正常 1失败）',
  `exception_info` varchar(2000) COLLATE utf8mb4_unicode_ci DEFAULT '' COMMENT '异常信息',
  `create_time` datetime DEFAULT NULL COMMENT '创建时间',
  PRIMARY KEY (`job_log_id`)
) ENGINE=InnoDB DEFAULT CHARSET=utf8mb4 COLLATE=utf8mb4_unicode_ci COMMENT='定时任务调度日志表';

-- ----------------------------
-- Records of sys_job_log
-- ----------------------------
BEGIN;
COMMIT;

-- ----------------------------
-- Table structure for sys_logininfor
-- ----------------------------
DROP TABLE IF EXISTS `sys_logininfor`;
CREATE TABLE `sys_logininfor` (
  `info_id` bigint NOT NULL AUTO_INCREMENT COMMENT '访问ID',
  `user_name` varchar(50) COLLATE utf8mb4_unicode_ci DEFAULT '' COMMENT '用户账号',
  `ipaddr` varchar(128) COLLATE utf8mb4_unicode_ci DEFAULT '' COMMENT '登录IP地址',
  `login_location` varchar(255) COLLATE utf8mb4_unicode_ci DEFAULT '' COMMENT '登录地点',
  `browser` varchar(50) COLLATE utf8mb4_unicode_ci DEFAULT '' COMMENT '浏览器类型',
  `os` varchar(50) COLLATE utf8mb4_unicode_ci DEFAULT '' COMMENT '操作系统',
  `status` char(1) COLLATE utf8mb4_unicode_ci DEFAULT '0' COMMENT '登录状态（0成功 1失败）',
  `msg` varchar(255) COLLATE utf8mb4_unicode_ci DEFAULT '' COMMENT '提示消息',
  `login_time` datetime DEFAULT NULL COMMENT '访问时间',
  PRIMARY KEY (`info_id`),
  KEY `idx_sys_logininfor_s` (`status`),
  KEY `idx_sys_logininfor_lt` (`login_time`)
) ENGINE=InnoDB AUTO_INCREMENT=127 DEFAULT CHARSET=utf8mb4 COLLATE=utf8mb4_unicode_ci COMMENT='系统访问记录';

-- ----------------------------
-- Records of sys_logininfor
-- ----------------------------
BEGIN;
INSERT INTO `sys_logininfor` (`info_id`, `user_name`, `ipaddr`, `login_location`, `browser`, `os`, `status`, `msg`, `login_time`) VALUES (100, 'admin', '192.168.0.109', '内网IP', 'Chrome 12', 'Mac OS X', '0', '登录成功', '2024-05-26 23:41:09');
INSERT INTO `sys_logininfor` (`info_id`, `user_name`, `ipaddr`, `login_location`, `browser`, `os`, `status`, `msg`, `login_time`) VALUES (101, 'admin', '127.0.0.1', '内网IP', 'Chrome 12', 'Mac OS X', '0', '登录成功', '2024-05-27 14:41:50');
INSERT INTO `sys_logininfor` (`info_id`, `user_name`, `ipaddr`, `login_location`, `browser`, `os`, `status`, `msg`, `login_time`) VALUES (102, 'admin', '127.0.0.1', '内网IP', 'Chrome 12', 'Mac OS X', '0', '登录成功', '2024-05-27 16:03:32');
INSERT INTO `sys_logininfor` (`info_id`, `user_name`, `ipaddr`, `login_location`, `browser`, `os`, `status`, `msg`, `login_time`) VALUES (103, 'admin', '127.0.0.1', '内网IP', 'Chrome 12', 'Mac OS X', '0', '登录成功', '2024-05-27 20:32:52');
INSERT INTO `sys_logininfor` (`info_id`, `user_name`, `ipaddr`, `login_location`, `browser`, `os`, `status`, `msg`, `login_time`) VALUES (104, 'admin', '127.0.0.1', '内网IP', 'Chrome 12', 'Mac OS X', '0', '退出成功', '2024-05-27 22:41:41');
INSERT INTO `sys_logininfor` (`info_id`, `user_name`, `ipaddr`, `login_location`, `browser`, `os`, `status`, `msg`, `login_time`) VALUES (105, '4671947', '127.0.0.1', '内网IP', 'Chrome 12', 'Mac OS X', '1', '用户不存在/密码错误', '2024-05-27 22:41:54');
INSERT INTO `sys_logininfor` (`info_id`, `user_name`, `ipaddr`, `login_location`, `browser`, `os`, `status`, `msg`, `login_time`) VALUES (106, '4671947', '127.0.0.1', '内网IP', 'Chrome 12', 'Mac OS X', '1', '用户不存在/密码错误', '2024-05-27 22:41:57');
INSERT INTO `sys_logininfor` (`info_id`, `user_name`, `ipaddr`, `login_location`, `browser`, `os`, `status`, `msg`, `login_time`) VALUES (107, 'yj', '127.0.0.1', '内网IP', 'Chrome 12', 'Mac OS X', '0', '登录成功', '2024-05-27 22:42:03');
INSERT INTO `sys_logininfor` (`info_id`, `user_name`, `ipaddr`, `login_location`, `browser`, `os`, `status`, `msg`, `login_time`) VALUES (108, 'yj', '127.0.0.1', '内网IP', 'Chrome 12', 'Mac OS X', '0', '退出成功', '2024-05-27 22:42:19');
INSERT INTO `sys_logininfor` (`info_id`, `user_name`, `ipaddr`, `login_location`, `browser`, `os`, `status`, `msg`, `login_time`) VALUES (109, 'admin', '127.0.0.1', '内网IP', 'Chrome 12', 'Mac OS X', '1', '验证码错误', '2024-05-27 22:42:23');
INSERT INTO `sys_logininfor` (`info_id`, `user_name`, `ipaddr`, `login_location`, `browser`, `os`, `status`, `msg`, `login_time`) VALUES (110, 'admin', '127.0.0.1', '内网IP', 'Chrome 12', 'Mac OS X', '0', '登录成功', '2024-05-27 22:42:26');
INSERT INTO `sys_logininfor` (`info_id`, `user_name`, `ipaddr`, `login_location`, `browser`, `os`, `status`, `msg`, `login_time`) VALUES (111, 'admin', '127.0.0.1', '内网IP', 'Chrome 12', 'Mac OS X', '0', '退出成功', '2024-05-27 23:10:17');
INSERT INTO `sys_logininfor` (`info_id`, `user_name`, `ipaddr`, `login_location`, `browser`, `os`, `status`, `msg`, `login_time`) VALUES (112, 'admin', '127.0.0.1', '内网IP', 'Chrome 12', 'Mac OS X', '0', '登录成功', '2024-05-27 23:10:22');
INSERT INTO `sys_logininfor` (`info_id`, `user_name`, `ipaddr`, `login_location`, `browser`, `os`, `status`, `msg`, `login_time`) VALUES (113, 'admin', '127.0.0.1', '内网IP', 'Chrome 12', 'Mac OS X', '0', '退出成功', '2024-05-27 23:12:58');
INSERT INTO `sys_logininfor` (`info_id`, `user_name`, `ipaddr`, `login_location`, `browser`, `os`, `status`, `msg`, `login_time`) VALUES (114, 'admin', '127.0.0.1', '内网IP', 'Chrome 12', 'Mac OS X', '0', '登录成功', '2024-05-27 23:13:04');
INSERT INTO `sys_logininfor` (`info_id`, `user_name`, `ipaddr`, `login_location`, `browser`, `os`, `status`, `msg`, `login_time`) VALUES (115, 'admin', '127.0.0.1', '内网IP', 'Chrome 12', 'Mac OS X', '0', '退出成功', '2024-05-27 23:24:13');
INSERT INTO `sys_logininfor` (`info_id`, `user_name`, `ipaddr`, `login_location`, `browser`, `os`, `status`, `msg`, `login_time`) VALUES (116, 'admin', '127.0.0.1', '内网IP', 'Chrome 12', 'Mac OS X', '0', '登录成功', '2024-05-27 23:24:21');
INSERT INTO `sys_logininfor` (`info_id`, `user_name`, `ipaddr`, `login_location`, `browser`, `os`, `status`, `msg`, `login_time`) VALUES (117, 'admin', '127.0.0.1', '内网IP', 'Chrome 12', 'Mac OS X', '0', '退出成功', '2024-05-27 23:31:24');
INSERT INTO `sys_logininfor` (`info_id`, `user_name`, `ipaddr`, `login_location`, `browser`, `os`, `status`, `msg`, `login_time`) VALUES (118, 'admin', '127.0.0.1', '内网IP', 'Chrome 12', 'Mac OS X', '0', '登录成功', '2024-05-27 23:31:29');
INSERT INTO `sys_logininfor` (`info_id`, `user_name`, `ipaddr`, `login_location`, `browser`, `os`, `status`, `msg`, `login_time`) VALUES (119, 'admin', '127.0.0.1', '内网IP', 'Chrome 12', 'Mac OS X', '0', '退出成功', '2024-05-27 23:50:10');
INSERT INTO `sys_logininfor` (`info_id`, `user_name`, `ipaddr`, `login_location`, `browser`, `os`, `status`, `msg`, `login_time`) VALUES (120, '4671947', '127.0.0.1', '内网IP', 'Chrome 12', 'Mac OS X', '1', '用户不存在/密码错误', '2024-05-27 23:50:19');
INSERT INTO `sys_logininfor` (`info_id`, `user_name`, `ipaddr`, `login_location`, `browser`, `os`, `status`, `msg`, `login_time`) VALUES (121, 'yj', '127.0.0.1', '内网IP', 'Chrome 12', 'Mac OS X', '0', '登录成功', '2024-05-27 23:50:27');
INSERT INTO `sys_logininfor` (`info_id`, `user_name`, `ipaddr`, `login_location`, `browser`, `os`, `status`, `msg`, `login_time`) VALUES (122, 'yj', '127.0.0.1', '内网IP', 'Chrome 12', 'Mac OS X', '0', '退出成功', '2024-05-27 23:50:38');
INSERT INTO `sys_logininfor` (`info_id`, `user_name`, `ipaddr`, `login_location`, `browser`, `os`, `status`, `msg`, `login_time`) VALUES (123, 'admin', '127.0.0.1', '内网IP', 'Chrome 12', 'Mac OS X', '0', '登录成功', '2024-05-27 23:50:43');
INSERT INTO `sys_logininfor` (`info_id`, `user_name`, `ipaddr`, `login_location`, `browser`, `os`, `status`, `msg`, `login_time`) VALUES (124, 'admin', '127.0.0.1', '内网IP', 'Chrome 12', 'Mac OS X', '0', '退出成功', '2024-05-27 23:51:36');
INSERT INTO `sys_logininfor` (`info_id`, `user_name`, `ipaddr`, `login_location`, `browser`, `os`, `status`, `msg`, `login_time`) VALUES (125, 'yj', '127.0.0.1', '内网IP', 'Chrome 12', 'Mac OS X', '1', '用户不存在/密码错误', '2024-05-27 23:51:42');
INSERT INTO `sys_logininfor` (`info_id`, `user_name`, `ipaddr`, `login_location`, `browser`, `os`, `status`, `msg`, `login_time`) VALUES (126, 'yj', '127.0.0.1', '内网IP', 'Chrome 12', 'Mac OS X', '0', '登录成功', '2024-05-27 23:51:51');
COMMIT;

-- ----------------------------
-- Table structure for sys_menu
-- ----------------------------
DROP TABLE IF EXISTS `sys_menu`;
CREATE TABLE `sys_menu` (
  `menu_id` bigint NOT NULL AUTO_INCREMENT COMMENT '菜单ID',
  `menu_name` varchar(50) COLLATE utf8mb4_unicode_ci NOT NULL COMMENT '菜单名称',
  `parent_id` bigint DEFAULT '0' COMMENT '父菜单ID',
  `order_num` int DEFAULT '0' COMMENT '显示顺序',
  `path` varchar(200) COLLATE utf8mb4_unicode_ci DEFAULT '' COMMENT '路由地址',
  `component` varchar(255) COLLATE utf8mb4_unicode_ci DEFAULT NULL COMMENT '组件路径',
  `query` varchar(255) COLLATE utf8mb4_unicode_ci DEFAULT NULL COMMENT '路由参数',
  `is_frame` int DEFAULT '1' COMMENT '是否为外链（0是 1否）',
  `is_cache` int DEFAULT '0' COMMENT '是否缓存（0缓存 1不缓存）',
  `menu_type` char(1) COLLATE utf8mb4_unicode_ci DEFAULT '' COMMENT '菜单类型（M目录 C菜单 F按钮）',
  `visible` char(1) COLLATE utf8mb4_unicode_ci DEFAULT '0' COMMENT '菜单状态（0显示 1隐藏）',
  `status` char(1) COLLATE utf8mb4_unicode_ci DEFAULT '0' COMMENT '菜单状态（0正常 1停用）',
  `perms` varchar(100) COLLATE utf8mb4_unicode_ci DEFAULT NULL COMMENT '权限标识',
  `icon` varchar(100) COLLATE utf8mb4_unicode_ci DEFAULT '#' COMMENT '菜单图标',
  `create_by` varchar(64) COLLATE utf8mb4_unicode_ci DEFAULT '' COMMENT '创建者',
  `create_time` datetime DEFAULT NULL COMMENT '创建时间',
  `update_by` varchar(64) COLLATE utf8mb4_unicode_ci DEFAULT '' COMMENT '更新者',
  `update_time` datetime DEFAULT NULL COMMENT '更新时间',
  `remark` varchar(500) COLLATE utf8mb4_unicode_ci DEFAULT '' COMMENT '备注',
  PRIMARY KEY (`menu_id`)
) ENGINE=InnoDB AUTO_INCREMENT=2027 DEFAULT CHARSET=utf8mb4 COLLATE=utf8mb4_unicode_ci COMMENT='菜单权限表';

-- ----------------------------
-- Records of sys_menu
-- ----------------------------
BEGIN;
INSERT INTO `sys_menu` (`menu_id`, `menu_name`, `parent_id`, `order_num`, `path`, `component`, `query`, `is_frame`, `is_cache`, `menu_type`, `visible`, `status`, `perms`, `icon`, `create_by`, `create_time`, `update_by`, `update_time`, `remark`) VALUES (1, '系统管理', 0, 1, 'system', NULL, '', 1, 0, 'M', '0', '0', '', 'system', 'admin', '2024-05-26 23:24:14', '', NULL, '系统管理目录');
INSERT INTO `sys_menu` (`menu_id`, `menu_name`, `parent_id`, `order_num`, `path`, `component`, `query`, `is_frame`, `is_cache`, `menu_type`, `visible`, `status`, `perms`, `icon`, `create_by`, `create_time`, `update_by`, `update_time`, `remark`) VALUES (2, '系统监控', 0, 2, 'monitor', NULL, '', 1, 0, 'M', '0', '0', '', 'monitor', 'admin', '2024-05-26 23:24:14', '', NULL, '系统监控目录');
INSERT INTO `sys_menu` (`menu_id`, `menu_name`, `parent_id`, `order_num`, `path`, `component`, `query`, `is_frame`, `is_cache`, `menu_type`, `visible`, `status`, `perms`, `icon`, `create_by`, `create_time`, `update_by`, `update_time`, `remark`) VALUES (3, '系统工具', 0, 3, 'tool', NULL, '', 1, 0, 'M', '0', '0', '', 'tool', 'admin', '2024-05-26 23:24:14', '', NULL, '系统工具目录');
INSERT INTO `sys_menu` (`menu_id`, `menu_name`, `parent_id`, `order_num`, `path`, `component`, `query`, `is_frame`, `is_cache`, `menu_type`, `visible`, `status`, `perms`, `icon`, `create_by`, `create_time`, `update_by`, `update_time`, `remark`) VALUES (100, '用户管理', 1, 1, 'user', 'system/user/index', '', 1, 0, 'C', '0', '0', 'system:user:list', 'user', 'admin', '2024-05-26 23:24:14', '', NULL, '用户管理菜单');
INSERT INTO `sys_menu` (`menu_id`, `menu_name`, `parent_id`, `order_num`, `path`, `component`, `query`, `is_frame`, `is_cache`, `menu_type`, `visible`, `status`, `perms`, `icon`, `create_by`, `create_time`, `update_by`, `update_time`, `remark`) VALUES (101, '角色管理', 1, 2, 'role', 'system/role/index', '', 1, 0, 'C', '0', '0', 'system:role:list', 'peoples', 'admin', '2024-05-26 23:24:14', '', NULL, '角色管理菜单');
INSERT INTO `sys_menu` (`menu_id`, `menu_name`, `parent_id`, `order_num`, `path`, `component`, `query`, `is_frame`, `is_cache`, `menu_type`, `visible`, `status`, `perms`, `icon`, `create_by`, `create_time`, `update_by`, `update_time`, `remark`) VALUES (102, '菜单管理', 1, 3, 'menu', 'system/menu/index', '', 1, 0, 'C', '0', '0', 'system:menu:list', 'tree-table', 'admin', '2024-05-26 23:24:14', '', NULL, '菜单管理菜单');
INSERT INTO `sys_menu` (`menu_id`, `menu_name`, `parent_id`, `order_num`, `path`, `component`, `query`, `is_frame`, `is_cache`, `menu_type`, `visible`, `status`, `perms`, `icon`, `create_by`, `create_time`, `update_by`, `update_time`, `remark`) VALUES (103, '部门管理', 1, 4, 'dept', 'system/dept/index', '', 1, 0, 'C', '0', '0', 'system:dept:list', 'tree', 'admin', '2024-05-26 23:24:14', '', NULL, '部门管理菜单');
INSERT INTO `sys_menu` (`menu_id`, `menu_name`, `parent_id`, `order_num`, `path`, `component`, `query`, `is_frame`, `is_cache`, `menu_type`, `visible`, `status`, `perms`, `icon`, `create_by`, `create_time`, `update_by`, `update_time`, `remark`) VALUES (104, '岗位管理', 1, 5, 'post', 'system/post/index', '', 1, 0, 'C', '0', '0', 'system:post:list', 'post', 'admin', '2024-05-26 23:24:14', '', NULL, '岗位管理菜单');
INSERT INTO `sys_menu` (`menu_id`, `menu_name`, `parent_id`, `order_num`, `path`, `component`, `query`, `is_frame`, `is_cache`, `menu_type`, `visible`, `status`, `perms`, `icon`, `create_by`, `create_time`, `update_by`, `update_time`, `remark`) VALUES (105, '字典管理', 1, 6, 'dict', 'system/dict/index', '', 1, 0, 'C', '0', '0', 'system:dict:list', 'dict', 'admin', '2024-05-26 23:24:14', '', NULL, '字典管理菜单');
INSERT INTO `sys_menu` (`menu_id`, `menu_name`, `parent_id`, `order_num`, `path`, `component`, `query`, `is_frame`, `is_cache`, `menu_type`, `visible`, `status`, `perms`, `icon`, `create_by`, `create_time`, `update_by`, `update_time`, `remark`) VALUES (106, '参数设置', 1, 7, 'config', 'system/config/index', '', 1, 0, 'C', '0', '0', 'system:config:list', 'edit', 'admin', '2024-05-26 23:24:14', '', NULL, '参数设置菜单');
INSERT INTO `sys_menu` (`menu_id`, `menu_name`, `parent_id`, `order_num`, `path`, `component`, `query`, `is_frame`, `is_cache`, `menu_type`, `visible`, `status`, `perms`, `icon`, `create_by`, `create_time`, `update_by`, `update_time`, `remark`) VALUES (107, '通知公告', 1, 8, 'notice', 'system/notice/index', '', 1, 0, 'C', '0', '0', 'system:notice:list', 'message', 'admin', '2024-05-26 23:24:14', '', NULL, '通知公告菜单');
INSERT INTO `sys_menu` (`menu_id`, `menu_name`, `parent_id`, `order_num`, `path`, `component`, `query`, `is_frame`, `is_cache`, `menu_type`, `visible`, `status`, `perms`, `icon`, `create_by`, `create_time`, `update_by`, `update_time`, `remark`) VALUES (108, '日志管理', 1, 9, 'log', '', '', 1, 0, 'M', '0', '0', '', 'log', 'admin', '2024-05-26 23:24:14', '', NULL, '日志管理菜单');
INSERT INTO `sys_menu` (`menu_id`, `menu_name`, `parent_id`, `order_num`, `path`, `component`, `query`, `is_frame`, `is_cache`, `menu_type`, `visible`, `status`, `perms`, `icon`, `create_by`, `create_time`, `update_by`, `update_time`, `remark`) VALUES (109, '在线用户', 2, 1, 'online', 'monitor/online/index', '', 1, 0, 'C', '0', '0', 'monitor:online:list', 'online', 'admin', '2024-05-26 23:24:14', '', NULL, '在线用户菜单');
INSERT INTO `sys_menu` (`menu_id`, `menu_name`, `parent_id`, `order_num`, `path`, `component`, `query`, `is_frame`, `is_cache`, `menu_type`, `visible`, `status`, `perms`, `icon`, `create_by`, `create_time`, `update_by`, `update_time`, `remark`) VALUES (110, '定时任务', 2, 2, 'job', 'monitor/job/index', '', 1, 0, 'C', '0', '0', 'monitor:job:list', 'job', 'admin', '2024-05-26 23:24:14', '', NULL, '定时任务菜单');
INSERT INTO `sys_menu` (`menu_id`, `menu_name`, `parent_id`, `order_num`, `path`, `component`, `query`, `is_frame`, `is_cache`, `menu_type`, `visible`, `status`, `perms`, `icon`, `create_by`, `create_time`, `update_by`, `update_time`, `remark`) VALUES (111, '数据监控', 2, 3, 'druid', 'monitor/druid/index', '', 1, 0, 'C', '0', '0', 'monitor:druid:list', 'druid', 'admin', '2024-05-26 23:24:14', '', NULL, '数据监控菜单');
INSERT INTO `sys_menu` (`menu_id`, `menu_name`, `parent_id`, `order_num`, `path`, `component`, `query`, `is_frame`, `is_cache`, `menu_type`, `visible`, `status`, `perms`, `icon`, `create_by`, `create_time`, `update_by`, `update_time`, `remark`) VALUES (112, '服务监控', 2, 4, 'server', 'monitor/server/index', '', 1, 0, 'C', '0', '0', 'monitor:server:list', 'server', 'admin', '2024-05-26 23:24:14', '', NULL, '服务监控菜单');
INSERT INTO `sys_menu` (`menu_id`, `menu_name`, `parent_id`, `order_num`, `path`, `component`, `query`, `is_frame`, `is_cache`, `menu_type`, `visible`, `status`, `perms`, `icon`, `create_by`, `create_time`, `update_by`, `update_time`, `remark`) VALUES (113, '缓存监控', 2, 5, 'cache', 'monitor/cache/index', '', 1, 0, 'C', '0', '0', 'monitor:cache:list', 'redis', 'admin', '2024-05-26 23:24:14', '', NULL, '缓存监控菜单');
INSERT INTO `sys_menu` (`menu_id`, `menu_name`, `parent_id`, `order_num`, `path`, `component`, `query`, `is_frame`, `is_cache`, `menu_type`, `visible`, `status`, `perms`, `icon`, `create_by`, `create_time`, `update_by`, `update_time`, `remark`) VALUES (114, '缓存列表', 2, 6, 'cacheList', 'monitor/cache/list', '', 1, 0, 'C', '0', '0', 'monitor:cache:list', 'redis-list', 'admin', '2024-05-26 23:24:14', '', NULL, '缓存列表菜单');
INSERT INTO `sys_menu` (`menu_id`, `menu_name`, `parent_id`, `order_num`, `path`, `component`, `query`, `is_frame`, `is_cache`, `menu_type`, `visible`, `status`, `perms`, `icon`, `create_by`, `create_time`, `update_by`, `update_time`, `remark`) VALUES (115, '表单构建', 3, 1, 'build', 'tool/build/index', '', 1, 0, 'C', '0', '0', 'tool:build:list', 'build', 'admin', '2024-05-26 23:24:14', '', NULL, '表单构建菜单');
INSERT INTO `sys_menu` (`menu_id`, `menu_name`, `parent_id`, `order_num`, `path`, `component`, `query`, `is_frame`, `is_cache`, `menu_type`, `visible`, `status`, `perms`, `icon`, `create_by`, `create_time`, `update_by`, `update_time`, `remark`) VALUES (116, '代码生成', 3, 2, 'gen', 'tool/gen/index', '', 1, 0, 'C', '0', '0', 'tool:gen:list', 'code', 'admin', '2024-05-26 23:24:14', '', NULL, '代码生成菜单');
INSERT INTO `sys_menu` (`menu_id`, `menu_name`, `parent_id`, `order_num`, `path`, `component`, `query`, `is_frame`, `is_cache`, `menu_type`, `visible`, `status`, `perms`, `icon`, `create_by`, `create_time`, `update_by`, `update_time`, `remark`) VALUES (117, '系统接口', 3, 3, 'swagger', 'tool/swagger/index', '', 1, 0, 'C', '0', '0', 'tool:swagger:list', 'swagger', 'admin', '2024-05-26 23:24:14', '', NULL, '系统接口菜单');
INSERT INTO `sys_menu` (`menu_id`, `menu_name`, `parent_id`, `order_num`, `path`, `component`, `query`, `is_frame`, `is_cache`, `menu_type`, `visible`, `status`, `perms`, `icon`, `create_by`, `create_time`, `update_by`, `update_time`, `remark`) VALUES (500, '操作日志', 108, 1, 'operlog', 'monitor/operlog/index', '', 1, 0, 'C', '0', '0', 'monitor:operlog:list', 'form', 'admin', '2024-05-26 23:24:14', '', NULL, '操作日志菜单');
INSERT INTO `sys_menu` (`menu_id`, `menu_name`, `parent_id`, `order_num`, `path`, `component`, `query`, `is_frame`, `is_cache`, `menu_type`, `visible`, `status`, `perms`, `icon`, `create_by`, `create_time`, `update_by`, `update_time`, `remark`) VALUES (501, '登录日志', 108, 2, 'logininfor', 'monitor/logininfor/index', '', 1, 0, 'C', '0', '0', 'monitor:logininfor:list', 'logininfor', 'admin', '2024-05-26 23:24:14', '', NULL, '登录日志菜单');
INSERT INTO `sys_menu` (`menu_id`, `menu_name`, `parent_id`, `order_num`, `path`, `component`, `query`, `is_frame`, `is_cache`, `menu_type`, `visible`, `status`, `perms`, `icon`, `create_by`, `create_time`, `update_by`, `update_time`, `remark`) VALUES (1000, '用户查询', 100, 1, '', '', '', 1, 0, 'F', '0', '0', 'system:user:query', '#', 'admin', '2024-05-26 23:24:14', '', NULL, '');
INSERT INTO `sys_menu` (`menu_id`, `menu_name`, `parent_id`, `order_num`, `path`, `component`, `query`, `is_frame`, `is_cache`, `menu_type`, `visible`, `status`, `perms`, `icon`, `create_by`, `create_time`, `update_by`, `update_time`, `remark`) VALUES (1001, '用户新增', 100, 2, '', '', '', 1, 0, 'F', '0', '0', 'system:user:add', '#', 'admin', '2024-05-26 23:24:14', '', NULL, '');
INSERT INTO `sys_menu` (`menu_id`, `menu_name`, `parent_id`, `order_num`, `path`, `component`, `query`, `is_frame`, `is_cache`, `menu_type`, `visible`, `status`, `perms`, `icon`, `create_by`, `create_time`, `update_by`, `update_time`, `remark`) VALUES (1002, '用户修改', 100, 3, '', '', '', 1, 0, 'F', '0', '0', 'system:user:edit', '#', 'admin', '2024-05-26 23:24:14', '', NULL, '');
INSERT INTO `sys_menu` (`menu_id`, `menu_name`, `parent_id`, `order_num`, `path`, `component`, `query`, `is_frame`, `is_cache`, `menu_type`, `visible`, `status`, `perms`, `icon`, `create_by`, `create_time`, `update_by`, `update_time`, `remark`) VALUES (1003, '用户删除', 100, 4, '', '', '', 1, 0, 'F', '0', '0', 'system:user:remove', '#', 'admin', '2024-05-26 23:24:14', '', NULL, '');
INSERT INTO `sys_menu` (`menu_id`, `menu_name`, `parent_id`, `order_num`, `path`, `component`, `query`, `is_frame`, `is_cache`, `menu_type`, `visible`, `status`, `perms`, `icon`, `create_by`, `create_time`, `update_by`, `update_time`, `remark`) VALUES (1004, '用户导出', 100, 5, '', '', '', 1, 0, 'F', '0', '0', 'system:user:export', '#', 'admin', '2024-05-26 23:24:14', '', NULL, '');
INSERT INTO `sys_menu` (`menu_id`, `menu_name`, `parent_id`, `order_num`, `path`, `component`, `query`, `is_frame`, `is_cache`, `menu_type`, `visible`, `status`, `perms`, `icon`, `create_by`, `create_time`, `update_by`, `update_time`, `remark`) VALUES (1005, '用户导入', 100, 6, '', '', '', 1, 0, 'F', '0', '0', 'system:user:import', '#', 'admin', '2024-05-26 23:24:14', '', NULL, '');
INSERT INTO `sys_menu` (`menu_id`, `menu_name`, `parent_id`, `order_num`, `path`, `component`, `query`, `is_frame`, `is_cache`, `menu_type`, `visible`, `status`, `perms`, `icon`, `create_by`, `create_time`, `update_by`, `update_time`, `remark`) VALUES (1006, '重置密码', 100, 7, '', '', '', 1, 0, 'F', '0', '0', 'system:user:resetPwd', '#', 'admin', '2024-05-26 23:24:14', '', NULL, '');
INSERT INTO `sys_menu` (`menu_id`, `menu_name`, `parent_id`, `order_num`, `path`, `component`, `query`, `is_frame`, `is_cache`, `menu_type`, `visible`, `status`, `perms`, `icon`, `create_by`, `create_time`, `update_by`, `update_time`, `remark`) VALUES (1007, '角色查询', 101, 1, '', '', '', 1, 0, 'F', '0', '0', 'system:role:query', '#', 'admin', '2024-05-26 23:24:14', '', NULL, '');
INSERT INTO `sys_menu` (`menu_id`, `menu_name`, `parent_id`, `order_num`, `path`, `component`, `query`, `is_frame`, `is_cache`, `menu_type`, `visible`, `status`, `perms`, `icon`, `create_by`, `create_time`, `update_by`, `update_time`, `remark`) VALUES (1008, '角色新增', 101, 2, '', '', '', 1, 0, 'F', '0', '0', 'system:role:add', '#', 'admin', '2024-05-26 23:24:14', '', NULL, '');
INSERT INTO `sys_menu` (`menu_id`, `menu_name`, `parent_id`, `order_num`, `path`, `component`, `query`, `is_frame`, `is_cache`, `menu_type`, `visible`, `status`, `perms`, `icon`, `create_by`, `create_time`, `update_by`, `update_time`, `remark`) VALUES (1009, '角色修改', 101, 3, '', '', '', 1, 0, 'F', '0', '0', 'system:role:edit', '#', 'admin', '2024-05-26 23:24:14', '', NULL, '');
INSERT INTO `sys_menu` (`menu_id`, `menu_name`, `parent_id`, `order_num`, `path`, `component`, `query`, `is_frame`, `is_cache`, `menu_type`, `visible`, `status`, `perms`, `icon`, `create_by`, `create_time`, `update_by`, `update_time`, `remark`) VALUES (1010, '角色删除', 101, 4, '', '', '', 1, 0, 'F', '0', '0', 'system:role:remove', '#', 'admin', '2024-05-26 23:24:14', '', NULL, '');
INSERT INTO `sys_menu` (`menu_id`, `menu_name`, `parent_id`, `order_num`, `path`, `component`, `query`, `is_frame`, `is_cache`, `menu_type`, `visible`, `status`, `perms`, `icon`, `create_by`, `create_time`, `update_by`, `update_time`, `remark`) VALUES (1011, '角色导出', 101, 5, '', '', '', 1, 0, 'F', '0', '0', 'system:role:export', '#', 'admin', '2024-05-26 23:24:14', '', NULL, '');
INSERT INTO `sys_menu` (`menu_id`, `menu_name`, `parent_id`, `order_num`, `path`, `component`, `query`, `is_frame`, `is_cache`, `menu_type`, `visible`, `status`, `perms`, `icon`, `create_by`, `create_time`, `update_by`, `update_time`, `remark`) VALUES (1012, '菜单查询', 102, 1, '', '', '', 1, 0, 'F', '0', '0', 'system:menu:query', '#', 'admin', '2024-05-26 23:24:14', '', NULL, '');
INSERT INTO `sys_menu` (`menu_id`, `menu_name`, `parent_id`, `order_num`, `path`, `component`, `query`, `is_frame`, `is_cache`, `menu_type`, `visible`, `status`, `perms`, `icon`, `create_by`, `create_time`, `update_by`, `update_time`, `remark`) VALUES (1013, '菜单新增', 102, 2, '', '', '', 1, 0, 'F', '0', '0', 'system:menu:add', '#', 'admin', '2024-05-26 23:24:14', '', NULL, '');
INSERT INTO `sys_menu` (`menu_id`, `menu_name`, `parent_id`, `order_num`, `path`, `component`, `query`, `is_frame`, `is_cache`, `menu_type`, `visible`, `status`, `perms`, `icon`, `create_by`, `create_time`, `update_by`, `update_time`, `remark`) VALUES (1014, '菜单修改', 102, 3, '', '', '', 1, 0, 'F', '0', '0', 'system:menu:edit', '#', 'admin', '2024-05-26 23:24:14', '', NULL, '');
INSERT INTO `sys_menu` (`menu_id`, `menu_name`, `parent_id`, `order_num`, `path`, `component`, `query`, `is_frame`, `is_cache`, `menu_type`, `visible`, `status`, `perms`, `icon`, `create_by`, `create_time`, `update_by`, `update_time`, `remark`) VALUES (1015, '菜单删除', 102, 4, '', '', '', 1, 0, 'F', '0', '0', 'system:menu:remove', '#', 'admin', '2024-05-26 23:24:14', '', NULL, '');
INSERT INTO `sys_menu` (`menu_id`, `menu_name`, `parent_id`, `order_num`, `path`, `component`, `query`, `is_frame`, `is_cache`, `menu_type`, `visible`, `status`, `perms`, `icon`, `create_by`, `create_time`, `update_by`, `update_time`, `remark`) VALUES (1016, '部门查询', 103, 1, '', '', '', 1, 0, 'F', '0', '0', 'system:dept:query', '#', 'admin', '2024-05-26 23:24:14', '', NULL, '');
INSERT INTO `sys_menu` (`menu_id`, `menu_name`, `parent_id`, `order_num`, `path`, `component`, `query`, `is_frame`, `is_cache`, `menu_type`, `visible`, `status`, `perms`, `icon`, `create_by`, `create_time`, `update_by`, `update_time`, `remark`) VALUES (1017, '部门新增', 103, 2, '', '', '', 1, 0, 'F', '0', '0', 'system:dept:add', '#', 'admin', '2024-05-26 23:24:14', '', NULL, '');
INSERT INTO `sys_menu` (`menu_id`, `menu_name`, `parent_id`, `order_num`, `path`, `component`, `query`, `is_frame`, `is_cache`, `menu_type`, `visible`, `status`, `perms`, `icon`, `create_by`, `create_time`, `update_by`, `update_time`, `remark`) VALUES (1018, '部门修改', 103, 3, '', '', '', 1, 0, 'F', '0', '0', 'system:dept:edit', '#', 'admin', '2024-05-26 23:24:14', '', NULL, '');
INSERT INTO `sys_menu` (`menu_id`, `menu_name`, `parent_id`, `order_num`, `path`, `component`, `query`, `is_frame`, `is_cache`, `menu_type`, `visible`, `status`, `perms`, `icon`, `create_by`, `create_time`, `update_by`, `update_time`, `remark`) VALUES (1019, '部门删除', 103, 4, '', '', '', 1, 0, 'F', '0', '0', 'system:dept:remove', '#', 'admin', '2024-05-26 23:24:14', '', NULL, '');
INSERT INTO `sys_menu` (`menu_id`, `menu_name`, `parent_id`, `order_num`, `path`, `component`, `query`, `is_frame`, `is_cache`, `menu_type`, `visible`, `status`, `perms`, `icon`, `create_by`, `create_time`, `update_by`, `update_time`, `remark`) VALUES (1020, '岗位查询', 104, 1, '', '', '', 1, 0, 'F', '0', '0', 'system:post:query', '#', 'admin', '2024-05-26 23:24:14', '', NULL, '');
INSERT INTO `sys_menu` (`menu_id`, `menu_name`, `parent_id`, `order_num`, `path`, `component`, `query`, `is_frame`, `is_cache`, `menu_type`, `visible`, `status`, `perms`, `icon`, `create_by`, `create_time`, `update_by`, `update_time`, `remark`) VALUES (1021, '岗位新增', 104, 2, '', '', '', 1, 0, 'F', '0', '0', 'system:post:add', '#', 'admin', '2024-05-26 23:24:14', '', NULL, '');
INSERT INTO `sys_menu` (`menu_id`, `menu_name`, `parent_id`, `order_num`, `path`, `component`, `query`, `is_frame`, `is_cache`, `menu_type`, `visible`, `status`, `perms`, `icon`, `create_by`, `create_time`, `update_by`, `update_time`, `remark`) VALUES (1022, '岗位修改', 104, 3, '', '', '', 1, 0, 'F', '0', '0', 'system:post:edit', '#', 'admin', '2024-05-26 23:24:14', '', NULL, '');
INSERT INTO `sys_menu` (`menu_id`, `menu_name`, `parent_id`, `order_num`, `path`, `component`, `query`, `is_frame`, `is_cache`, `menu_type`, `visible`, `status`, `perms`, `icon`, `create_by`, `create_time`, `update_by`, `update_time`, `remark`) VALUES (1023, '岗位删除', 104, 4, '', '', '', 1, 0, 'F', '0', '0', 'system:post:remove', '#', 'admin', '2024-05-26 23:24:14', '', NULL, '');
INSERT INTO `sys_menu` (`menu_id`, `menu_name`, `parent_id`, `order_num`, `path`, `component`, `query`, `is_frame`, `is_cache`, `menu_type`, `visible`, `status`, `perms`, `icon`, `create_by`, `create_time`, `update_by`, `update_time`, `remark`) VALUES (1024, '岗位导出', 104, 5, '', '', '', 1, 0, 'F', '0', '0', 'system:post:export', '#', 'admin', '2024-05-26 23:24:14', '', NULL, '');
INSERT INTO `sys_menu` (`menu_id`, `menu_name`, `parent_id`, `order_num`, `path`, `component`, `query`, `is_frame`, `is_cache`, `menu_type`, `visible`, `status`, `perms`, `icon`, `create_by`, `create_time`, `update_by`, `update_time`, `remark`) VALUES (1025, '字典查询', 105, 1, '#', '', '', 1, 0, 'F', '0', '0', 'system:dict:query', '#', 'admin', '2024-05-26 23:24:14', '', NULL, '');
INSERT INTO `sys_menu` (`menu_id`, `menu_name`, `parent_id`, `order_num`, `path`, `component`, `query`, `is_frame`, `is_cache`, `menu_type`, `visible`, `status`, `perms`, `icon`, `create_by`, `create_time`, `update_by`, `update_time`, `remark`) VALUES (1026, '字典新增', 105, 2, '#', '', '', 1, 0, 'F', '0', '0', 'system:dict:add', '#', 'admin', '2024-05-26 23:24:14', '', NULL, '');
INSERT INTO `sys_menu` (`menu_id`, `menu_name`, `parent_id`, `order_num`, `path`, `component`, `query`, `is_frame`, `is_cache`, `menu_type`, `visible`, `status`, `perms`, `icon`, `create_by`, `create_time`, `update_by`, `update_time`, `remark`) VALUES (1027, '字典修改', 105, 3, '#', '', '', 1, 0, 'F', '0', '0', 'system:dict:edit', '#', 'admin', '2024-05-26 23:24:14', '', NULL, '');
INSERT INTO `sys_menu` (`menu_id`, `menu_name`, `parent_id`, `order_num`, `path`, `component`, `query`, `is_frame`, `is_cache`, `menu_type`, `visible`, `status`, `perms`, `icon`, `create_by`, `create_time`, `update_by`, `update_time`, `remark`) VALUES (1028, '字典删除', 105, 4, '#', '', '', 1, 0, 'F', '0', '0', 'system:dict:remove', '#', 'admin', '2024-05-26 23:24:14', '', NULL, '');
INSERT INTO `sys_menu` (`menu_id`, `menu_name`, `parent_id`, `order_num`, `path`, `component`, `query`, `is_frame`, `is_cache`, `menu_type`, `visible`, `status`, `perms`, `icon`, `create_by`, `create_time`, `update_by`, `update_time`, `remark`) VALUES (1029, '字典导出', 105, 5, '#', '', '', 1, 0, 'F', '0', '0', 'system:dict:export', '#', 'admin', '2024-05-26 23:24:14', '', NULL, '');
INSERT INTO `sys_menu` (`menu_id`, `menu_name`, `parent_id`, `order_num`, `path`, `component`, `query`, `is_frame`, `is_cache`, `menu_type`, `visible`, `status`, `perms`, `icon`, `create_by`, `create_time`, `update_by`, `update_time`, `remark`) VALUES (1030, '参数查询', 106, 1, '#', '', '', 1, 0, 'F', '0', '0', 'system:config:query', '#', 'admin', '2024-05-26 23:24:14', '', NULL, '');
INSERT INTO `sys_menu` (`menu_id`, `menu_name`, `parent_id`, `order_num`, `path`, `component`, `query`, `is_frame`, `is_cache`, `menu_type`, `visible`, `status`, `perms`, `icon`, `create_by`, `create_time`, `update_by`, `update_time`, `remark`) VALUES (1031, '参数新增', 106, 2, '#', '', '', 1, 0, 'F', '0', '0', 'system:config:add', '#', 'admin', '2024-05-26 23:24:14', '', NULL, '');
INSERT INTO `sys_menu` (`menu_id`, `menu_name`, `parent_id`, `order_num`, `path`, `component`, `query`, `is_frame`, `is_cache`, `menu_type`, `visible`, `status`, `perms`, `icon`, `create_by`, `create_time`, `update_by`, `update_time`, `remark`) VALUES (1032, '参数修改', 106, 3, '#', '', '', 1, 0, 'F', '0', '0', 'system:config:edit', '#', 'admin', '2024-05-26 23:24:14', '', NULL, '');
INSERT INTO `sys_menu` (`menu_id`, `menu_name`, `parent_id`, `order_num`, `path`, `component`, `query`, `is_frame`, `is_cache`, `menu_type`, `visible`, `status`, `perms`, `icon`, `create_by`, `create_time`, `update_by`, `update_time`, `remark`) VALUES (1033, '参数删除', 106, 4, '#', '', '', 1, 0, 'F', '0', '0', 'system:config:remove', '#', 'admin', '2024-05-26 23:24:14', '', NULL, '');
INSERT INTO `sys_menu` (`menu_id`, `menu_name`, `parent_id`, `order_num`, `path`, `component`, `query`, `is_frame`, `is_cache`, `menu_type`, `visible`, `status`, `perms`, `icon`, `create_by`, `create_time`, `update_by`, `update_time`, `remark`) VALUES (1034, '参数导出', 106, 5, '#', '', '', 1, 0, 'F', '0', '0', 'system:config:export', '#', 'admin', '2024-05-26 23:24:14', '', NULL, '');
INSERT INTO `sys_menu` (`menu_id`, `menu_name`, `parent_id`, `order_num`, `path`, `component`, `query`, `is_frame`, `is_cache`, `menu_type`, `visible`, `status`, `perms`, `icon`, `create_by`, `create_time`, `update_by`, `update_time`, `remark`) VALUES (1035, '公告查询', 107, 1, '#', '', '', 1, 0, 'F', '0', '0', 'system:notice:query', '#', 'admin', '2024-05-26 23:24:14', '', NULL, '');
INSERT INTO `sys_menu` (`menu_id`, `menu_name`, `parent_id`, `order_num`, `path`, `component`, `query`, `is_frame`, `is_cache`, `menu_type`, `visible`, `status`, `perms`, `icon`, `create_by`, `create_time`, `update_by`, `update_time`, `remark`) VALUES (1036, '公告新增', 107, 2, '#', '', '', 1, 0, 'F', '0', '0', 'system:notice:add', '#', 'admin', '2024-05-26 23:24:14', '', NULL, '');
INSERT INTO `sys_menu` (`menu_id`, `menu_name`, `parent_id`, `order_num`, `path`, `component`, `query`, `is_frame`, `is_cache`, `menu_type`, `visible`, `status`, `perms`, `icon`, `create_by`, `create_time`, `update_by`, `update_time`, `remark`) VALUES (1037, '公告修改', 107, 3, '#', '', '', 1, 0, 'F', '0', '0', 'system:notice:edit', '#', 'admin', '2024-05-26 23:24:14', '', NULL, '');
INSERT INTO `sys_menu` (`menu_id`, `menu_name`, `parent_id`, `order_num`, `path`, `component`, `query`, `is_frame`, `is_cache`, `menu_type`, `visible`, `status`, `perms`, `icon`, `create_by`, `create_time`, `update_by`, `update_time`, `remark`) VALUES (1038, '公告删除', 107, 4, '#', '', '', 1, 0, 'F', '0', '0', 'system:notice:remove', '#', 'admin', '2024-05-26 23:24:14', '', NULL, '');
INSERT INTO `sys_menu` (`menu_id`, `menu_name`, `parent_id`, `order_num`, `path`, `component`, `query`, `is_frame`, `is_cache`, `menu_type`, `visible`, `status`, `perms`, `icon`, `create_by`, `create_time`, `update_by`, `update_time`, `remark`) VALUES (1039, '操作查询', 500, 1, '#', '', '', 1, 0, 'F', '0', '0', 'monitor:operlog:query', '#', 'admin', '2024-05-26 23:24:14', '', NULL, '');
INSERT INTO `sys_menu` (`menu_id`, `menu_name`, `parent_id`, `order_num`, `path`, `component`, `query`, `is_frame`, `is_cache`, `menu_type`, `visible`, `status`, `perms`, `icon`, `create_by`, `create_time`, `update_by`, `update_time`, `remark`) VALUES (1040, '操作删除', 500, 2, '#', '', '', 1, 0, 'F', '0', '0', 'monitor:operlog:remove', '#', 'admin', '2024-05-26 23:24:14', '', NULL, '');
INSERT INTO `sys_menu` (`menu_id`, `menu_name`, `parent_id`, `order_num`, `path`, `component`, `query`, `is_frame`, `is_cache`, `menu_type`, `visible`, `status`, `perms`, `icon`, `create_by`, `create_time`, `update_by`, `update_time`, `remark`) VALUES (1041, '日志导出', 500, 3, '#', '', '', 1, 0, 'F', '0', '0', 'monitor:operlog:export', '#', 'admin', '2024-05-26 23:24:14', '', NULL, '');
INSERT INTO `sys_menu` (`menu_id`, `menu_name`, `parent_id`, `order_num`, `path`, `component`, `query`, `is_frame`, `is_cache`, `menu_type`, `visible`, `status`, `perms`, `icon`, `create_by`, `create_time`, `update_by`, `update_time`, `remark`) VALUES (1042, '登录查询', 501, 1, '#', '', '', 1, 0, 'F', '0', '0', 'monitor:logininfor:query', '#', 'admin', '2024-05-26 23:24:14', '', NULL, '');
INSERT INTO `sys_menu` (`menu_id`, `menu_name`, `parent_id`, `order_num`, `path`, `component`, `query`, `is_frame`, `is_cache`, `menu_type`, `visible`, `status`, `perms`, `icon`, `create_by`, `create_time`, `update_by`, `update_time`, `remark`) VALUES (1043, '登录删除', 501, 2, '#', '', '', 1, 0, 'F', '0', '0', 'monitor:logininfor:remove', '#', 'admin', '2024-05-26 23:24:14', '', NULL, '');
INSERT INTO `sys_menu` (`menu_id`, `menu_name`, `parent_id`, `order_num`, `path`, `component`, `query`, `is_frame`, `is_cache`, `menu_type`, `visible`, `status`, `perms`, `icon`, `create_by`, `create_time`, `update_by`, `update_time`, `remark`) VALUES (1044, '日志导出', 501, 3, '#', '', '', 1, 0, 'F', '0', '0', 'monitor:logininfor:export', '#', 'admin', '2024-05-26 23:24:14', '', NULL, '');
INSERT INTO `sys_menu` (`menu_id`, `menu_name`, `parent_id`, `order_num`, `path`, `component`, `query`, `is_frame`, `is_cache`, `menu_type`, `visible`, `status`, `perms`, `icon`, `create_by`, `create_time`, `update_by`, `update_time`, `remark`) VALUES (1045, '账户解锁', 501, 4, '#', '', '', 1, 0, 'F', '0', '0', 'monitor:logininfor:unlock', '#', 'admin', '2024-05-26 23:24:14', '', NULL, '');
INSERT INTO `sys_menu` (`menu_id`, `menu_name`, `parent_id`, `order_num`, `path`, `component`, `query`, `is_frame`, `is_cache`, `menu_type`, `visible`, `status`, `perms`, `icon`, `create_by`, `create_time`, `update_by`, `update_time`, `remark`) VALUES (1046, '在线查询', 109, 1, '#', '', '', 1, 0, 'F', '0', '0', 'monitor:online:query', '#', 'admin', '2024-05-26 23:24:14', '', NULL, '');
INSERT INTO `sys_menu` (`menu_id`, `menu_name`, `parent_id`, `order_num`, `path`, `component`, `query`, `is_frame`, `is_cache`, `menu_type`, `visible`, `status`, `perms`, `icon`, `create_by`, `create_time`, `update_by`, `update_time`, `remark`) VALUES (1047, '批量强退', 109, 2, '#', '', '', 1, 0, 'F', '0', '0', 'monitor:online:batchLogout', '#', 'admin', '2024-05-26 23:24:14', '', NULL, '');
INSERT INTO `sys_menu` (`menu_id`, `menu_name`, `parent_id`, `order_num`, `path`, `component`, `query`, `is_frame`, `is_cache`, `menu_type`, `visible`, `status`, `perms`, `icon`, `create_by`, `create_time`, `update_by`, `update_time`, `remark`) VALUES (1048, '单条强退', 109, 3, '#', '', '', 1, 0, 'F', '0', '0', 'monitor:online:forceLogout', '#', 'admin', '2024-05-26 23:24:14', '', NULL, '');
INSERT INTO `sys_menu` (`menu_id`, `menu_name`, `parent_id`, `order_num`, `path`, `component`, `query`, `is_frame`, `is_cache`, `menu_type`, `visible`, `status`, `perms`, `icon`, `create_by`, `create_time`, `update_by`, `update_time`, `remark`) VALUES (1049, '任务查询', 110, 1, '#', '', '', 1, 0, 'F', '0', '0', 'monitor:job:query', '#', 'admin', '2024-05-26 23:24:14', '', NULL, '');
INSERT INTO `sys_menu` (`menu_id`, `menu_name`, `parent_id`, `order_num`, `path`, `component`, `query`, `is_frame`, `is_cache`, `menu_type`, `visible`, `status`, `perms`, `icon`, `create_by`, `create_time`, `update_by`, `update_time`, `remark`) VALUES (1050, '任务新增', 110, 2, '#', '', '', 1, 0, 'F', '0', '0', 'monitor:job:add', '#', 'admin', '2024-05-26 23:24:14', '', NULL, '');
INSERT INTO `sys_menu` (`menu_id`, `menu_name`, `parent_id`, `order_num`, `path`, `component`, `query`, `is_frame`, `is_cache`, `menu_type`, `visible`, `status`, `perms`, `icon`, `create_by`, `create_time`, `update_by`, `update_time`, `remark`) VALUES (1051, '任务修改', 110, 3, '#', '', '', 1, 0, 'F', '0', '0', 'monitor:job:edit', '#', 'admin', '2024-05-26 23:24:14', '', NULL, '');
INSERT INTO `sys_menu` (`menu_id`, `menu_name`, `parent_id`, `order_num`, `path`, `component`, `query`, `is_frame`, `is_cache`, `menu_type`, `visible`, `status`, `perms`, `icon`, `create_by`, `create_time`, `update_by`, `update_time`, `remark`) VALUES (1052, '任务删除', 110, 4, '#', '', '', 1, 0, 'F', '0', '0', 'monitor:job:remove', '#', 'admin', '2024-05-26 23:24:14', '', NULL, '');
INSERT INTO `sys_menu` (`menu_id`, `menu_name`, `parent_id`, `order_num`, `path`, `component`, `query`, `is_frame`, `is_cache`, `menu_type`, `visible`, `status`, `perms`, `icon`, `create_by`, `create_time`, `update_by`, `update_time`, `remark`) VALUES (1053, '状态修改', 110, 5, '#', '', '', 1, 0, 'F', '0', '0', 'monitor:job:changeStatus', '#', 'admin', '2024-05-26 23:24:14', '', NULL, '');
INSERT INTO `sys_menu` (`menu_id`, `menu_name`, `parent_id`, `order_num`, `path`, `component`, `query`, `is_frame`, `is_cache`, `menu_type`, `visible`, `status`, `perms`, `icon`, `create_by`, `create_time`, `update_by`, `update_time`, `remark`) VALUES (1054, '任务导出', 110, 6, '#', '', '', 1, 0, 'F', '0', '0', 'monitor:job:export', '#', 'admin', '2024-05-26 23:24:14', '', NULL, '');
INSERT INTO `sys_menu` (`menu_id`, `menu_name`, `parent_id`, `order_num`, `path`, `component`, `query`, `is_frame`, `is_cache`, `menu_type`, `visible`, `status`, `perms`, `icon`, `create_by`, `create_time`, `update_by`, `update_time`, `remark`) VALUES (1055, '生成查询', 116, 1, '#', '', '', 1, 0, 'F', '0', '0', 'tool:gen:query', '#', 'admin', '2024-05-26 23:24:14', '', NULL, '');
INSERT INTO `sys_menu` (`menu_id`, `menu_name`, `parent_id`, `order_num`, `path`, `component`, `query`, `is_frame`, `is_cache`, `menu_type`, `visible`, `status`, `perms`, `icon`, `create_by`, `create_time`, `update_by`, `update_time`, `remark`) VALUES (1056, '生成修改', 116, 2, '#', '', '', 1, 0, 'F', '0', '0', 'tool:gen:edit', '#', 'admin', '2024-05-26 23:24:14', '', NULL, '');
INSERT INTO `sys_menu` (`menu_id`, `menu_name`, `parent_id`, `order_num`, `path`, `component`, `query`, `is_frame`, `is_cache`, `menu_type`, `visible`, `status`, `perms`, `icon`, `create_by`, `create_time`, `update_by`, `update_time`, `remark`) VALUES (1057, '生成删除', 116, 3, '#', '', '', 1, 0, 'F', '0', '0', 'tool:gen:remove', '#', 'admin', '2024-05-26 23:24:14', '', NULL, '');
INSERT INTO `sys_menu` (`menu_id`, `menu_name`, `parent_id`, `order_num`, `path`, `component`, `query`, `is_frame`, `is_cache`, `menu_type`, `visible`, `status`, `perms`, `icon`, `create_by`, `create_time`, `update_by`, `update_time`, `remark`) VALUES (1058, '导入代码', 116, 4, '#', '', '', 1, 0, 'F', '0', '0', 'tool:gen:import', '#', 'admin', '2024-05-26 23:24:14', '', NULL, '');
INSERT INTO `sys_menu` (`menu_id`, `menu_name`, `parent_id`, `order_num`, `path`, `component`, `query`, `is_frame`, `is_cache`, `menu_type`, `visible`, `status`, `perms`, `icon`, `create_by`, `create_time`, `update_by`, `update_time`, `remark`) VALUES (1059, '预览代码', 116, 5, '#', '', '', 1, 0, 'F', '0', '0', 'tool:gen:preview', '#', 'admin', '2024-05-26 23:24:14', '', NULL, '');
INSERT INTO `sys_menu` (`menu_id`, `menu_name`, `parent_id`, `order_num`, `path`, `component`, `query`, `is_frame`, `is_cache`, `menu_type`, `visible`, `status`, `perms`, `icon`, `create_by`, `create_time`, `update_by`, `update_time`, `remark`) VALUES (1060, '生成代码', 116, 6, '#', '', '', 1, 0, 'F', '0', '0', 'tool:gen:code', '#', 'admin', '2024-05-26 23:24:14', '', NULL, '');
INSERT INTO `sys_menu` (`menu_id`, `menu_name`, `parent_id`, `order_num`, `path`, `component`, `query`, `is_frame`, `is_cache`, `menu_type`, `visible`, `status`, `perms`, `icon`, `create_by`, `create_time`, `update_by`, `update_time`, `remark`) VALUES (2003, '加班申请信息', 3, 1, 'OvertimeRequests', 'system/OvertimeRequests/index', NULL, 1, 0, 'C', '0', '0', 'system:OvertimeRequests:list', '#', 'admin', '2024-05-27 16:13:22', '', NULL, '加班申请信息菜单');
INSERT INTO `sys_menu` (`menu_id`, `menu_name`, `parent_id`, `order_num`, `path`, `component`, `query`, `is_frame`, `is_cache`, `menu_type`, `visible`, `status`, `perms`, `icon`, `create_by`, `create_time`, `update_by`, `update_time`, `remark`) VALUES (2004, '加班申请信息查询', 2003, 1, '#', '', NULL, 1, 0, 'F', '0', '0', 'system:OvertimeRequests:query', '#', 'admin', '2024-05-27 16:13:22', '', NULL, '');
INSERT INTO `sys_menu` (`menu_id`, `menu_name`, `parent_id`, `order_num`, `path`, `component`, `query`, `is_frame`, `is_cache`, `menu_type`, `visible`, `status`, `perms`, `icon`, `create_by`, `create_time`, `update_by`, `update_time`, `remark`) VALUES (2005, '加班申请信息新增', 2003, 2, '#', '', NULL, 1, 0, 'F', '0', '0', 'system:OvertimeRequests:add', '#', 'admin', '2024-05-27 16:13:22', '', NULL, '');
INSERT INTO `sys_menu` (`menu_id`, `menu_name`, `parent_id`, `order_num`, `path`, `component`, `query`, `is_frame`, `is_cache`, `menu_type`, `visible`, `status`, `perms`, `icon`, `create_by`, `create_time`, `update_by`, `update_time`, `remark`) VALUES (2006, '加班申请信息修改', 2003, 3, '#', '', NULL, 1, 0, 'F', '0', '0', 'system:OvertimeRequests:edit', '#', 'admin', '2024-05-27 16:13:22', '', NULL, '');
INSERT INTO `sys_menu` (`menu_id`, `menu_name`, `parent_id`, `order_num`, `path`, `component`, `query`, `is_frame`, `is_cache`, `menu_type`, `visible`, `status`, `perms`, `icon`, `create_by`, `create_time`, `update_by`, `update_time`, `remark`) VALUES (2007, '加班申请信息删除', 2003, 4, '#', '', NULL, 1, 0, 'F', '0', '0', 'system:OvertimeRequests:remove', '#', 'admin', '2024-05-27 16:13:22', '', NULL, '');
INSERT INTO `sys_menu` (`menu_id`, `menu_name`, `parent_id`, `order_num`, `path`, `component`, `query`, `is_frame`, `is_cache`, `menu_type`, `visible`, `status`, `perms`, `icon`, `create_by`, `create_time`, `update_by`, `update_time`, `remark`) VALUES (2008, '加班申请信息导出', 2003, 5, '#', '', NULL, 1, 0, 'F', '0', '0', 'system:OvertimeRequests:export', '#', 'admin', '2024-05-27 16:13:22', '', NULL, '');
INSERT INTO `sys_menu` (`menu_id`, `menu_name`, `parent_id`, `order_num`, `path`, `component`, `query`, `is_frame`, `is_cache`, `menu_type`, `visible`, `status`, `perms`, `icon`, `create_by`, `create_time`, `update_by`, `update_time`, `remark`) VALUES (2009, '加班审批信息', 3, 1, 'OvertimeApprovals', 'system/OvertimeApprovals/index', NULL, 1, 0, 'C', '0', '0', 'system:OvertimeApprovals:list', '#', 'admin', '2024-05-27 16:34:59', '', NULL, '加班审批信息菜单');
INSERT INTO `sys_menu` (`menu_id`, `menu_name`, `parent_id`, `order_num`, `path`, `component`, `query`, `is_frame`, `is_cache`, `menu_type`, `visible`, `status`, `perms`, `icon`, `create_by`, `create_time`, `update_by`, `update_time`, `remark`) VALUES (2010, '加班审批信息查询', 2009, 1, '#', '', NULL, 1, 0, 'F', '0', '0', 'system:OvertimeApprovals:query', '#', 'admin', '2024-05-27 16:34:59', '', NULL, '');
INSERT INTO `sys_menu` (`menu_id`, `menu_name`, `parent_id`, `order_num`, `path`, `component`, `query`, `is_frame`, `is_cache`, `menu_type`, `visible`, `status`, `perms`, `icon`, `create_by`, `create_time`, `update_by`, `update_time`, `remark`) VALUES (2011, '加班审批信息新增', 2009, 2, '#', '', NULL, 1, 0, 'F', '0', '0', 'system:OvertimeApprovals:add', '#', 'admin', '2024-05-27 16:34:59', '', NULL, '');
INSERT INTO `sys_menu` (`menu_id`, `menu_name`, `parent_id`, `order_num`, `path`, `component`, `query`, `is_frame`, `is_cache`, `menu_type`, `visible`, `status`, `perms`, `icon`, `create_by`, `create_time`, `update_by`, `update_time`, `remark`) VALUES (2012, '加班审批信息修改', 2009, 3, '#', '', NULL, 1, 0, 'F', '0', '0', 'system:OvertimeApprovals:edit', '#', 'admin', '2024-05-27 16:34:59', '', NULL, '');
INSERT INTO `sys_menu` (`menu_id`, `menu_name`, `parent_id`, `order_num`, `path`, `component`, `query`, `is_frame`, `is_cache`, `menu_type`, `visible`, `status`, `perms`, `icon`, `create_by`, `create_time`, `update_by`, `update_time`, `remark`) VALUES (2013, '加班审批信息删除', 2009, 4, '#', '', NULL, 1, 0, 'F', '0', '0', 'system:OvertimeApprovals:remove', '#', 'admin', '2024-05-27 16:34:59', '', NULL, '');
INSERT INTO `sys_menu` (`menu_id`, `menu_name`, `parent_id`, `order_num`, `path`, `component`, `query`, `is_frame`, `is_cache`, `menu_type`, `visible`, `status`, `perms`, `icon`, `create_by`, `create_time`, `update_by`, `update_time`, `remark`) VALUES (2014, '加班审批信息导出', 2009, 5, '#', '', NULL, 1, 0, 'F', '0', '0', 'system:OvertimeApprovals:export', '#', 'admin', '2024-05-27 16:34:59', '', NULL, '');
INSERT INTO `sys_menu` (`menu_id`, `menu_name`, `parent_id`, `order_num`, `path`, `component`, `query`, `is_frame`, `is_cache`, `menu_type`, `visible`, `status`, `perms`, `icon`, `create_by`, `create_time`, `update_by`, `update_time`, `remark`) VALUES (2021, '累计加班时间', 3, 1, 'AccumulatedOvertime', 'system/AccumulatedOvertime/index', NULL, 1, 0, 'C', '0', '0', 'system:AccumulatedOvertime:list', '#', 'admin', '2024-05-27 22:21:44', '', NULL, '累计加班时间菜单');
INSERT INTO `sys_menu` (`menu_id`, `menu_name`, `parent_id`, `order_num`, `path`, `component`, `query`, `is_frame`, `is_cache`, `menu_type`, `visible`, `status`, `perms`, `icon`, `create_by`, `create_time`, `update_by`, `update_time`, `remark`) VALUES (2022, '累计加班时间查询', 2021, 1, '#', '', NULL, 1, 0, 'F', '0', '0', 'system:AccumulatedOvertime:query', '#', 'admin', '2024-05-27 22:21:44', '', NULL, '');
INSERT INTO `sys_menu` (`menu_id`, `menu_name`, `parent_id`, `order_num`, `path`, `component`, `query`, `is_frame`, `is_cache`, `menu_type`, `visible`, `status`, `perms`, `icon`, `create_by`, `create_time`, `update_by`, `update_time`, `remark`) VALUES (2023, '累计加班时间新增', 2021, 2, '#', '', NULL, 1, 0, 'F', '0', '0', 'system:AccumulatedOvertime:add', '#', 'admin', '2024-05-27 22:21:44', '', NULL, '');
INSERT INTO `sys_menu` (`menu_id`, `menu_name`, `parent_id`, `order_num`, `path`, `component`, `query`, `is_frame`, `is_cache`, `menu_type`, `visible`, `status`, `perms`, `icon`, `create_by`, `create_time`, `update_by`, `update_time`, `remark`) VALUES (2024, '累计加班时间修改', 2021, 3, '#', '', NULL, 1, 0, 'F', '0', '0', 'system:AccumulatedOvertime:edit', '#', 'admin', '2024-05-27 22:21:44', '', NULL, '');
INSERT INTO `sys_menu` (`menu_id`, `menu_name`, `parent_id`, `order_num`, `path`, `component`, `query`, `is_frame`, `is_cache`, `menu_type`, `visible`, `status`, `perms`, `icon`, `create_by`, `create_time`, `update_by`, `update_time`, `remark`) VALUES (2025, '累计加班时间删除', 2021, 4, '#', '', NULL, 1, 0, 'F', '0', '0', 'system:AccumulatedOvertime:remove', '#', 'admin', '2024-05-27 22:21:44', '', NULL, '');
INSERT INTO `sys_menu` (`menu_id`, `menu_name`, `parent_id`, `order_num`, `path`, `component`, `query`, `is_frame`, `is_cache`, `menu_type`, `visible`, `status`, `perms`, `icon`, `create_by`, `create_time`, `update_by`, `update_time`, `remark`) VALUES (2026, '累计加班时间导出', 2021, 5, '#', '', NULL, 1, 0, 'F', '0', '0', 'system:AccumulatedOvertime:export', '#', 'admin', '2024-05-27 22:21:44', '', NULL, '');
COMMIT;

-- ----------------------------
-- Table structure for sys_notice
-- ----------------------------
DROP TABLE IF EXISTS `sys_notice`;
CREATE TABLE `sys_notice` (
  `notice_id` int NOT NULL AUTO_INCREMENT COMMENT '公告ID',
  `notice_title` varchar(50) COLLATE utf8mb4_unicode_ci NOT NULL COMMENT '公告标题',
  `notice_type` char(1) COLLATE utf8mb4_unicode_ci NOT NULL COMMENT '公告类型（1通知 2公告）',
  `notice_content` longblob COMMENT '公告内容',
  `status` char(1) COLLATE utf8mb4_unicode_ci DEFAULT '0' COMMENT '公告状态（0正常 1关闭）',
  `create_by` varchar(64) COLLATE utf8mb4_unicode_ci DEFAULT '' COMMENT '创建者',
  `create_time` datetime DEFAULT NULL COMMENT '创建时间',
  `update_by` varchar(64) COLLATE utf8mb4_unicode_ci DEFAULT '' COMMENT '更新者',
  `update_time` datetime DEFAULT NULL COMMENT '更新时间',
  `remark` varchar(255) COLLATE utf8mb4_unicode_ci DEFAULT NULL COMMENT '备注',
  PRIMARY KEY (`notice_id`)
) ENGINE=InnoDB AUTO_INCREMENT=10 DEFAULT CHARSET=utf8mb4 COLLATE=utf8mb4_unicode_ci COMMENT='通知公告表';

-- ----------------------------
-- Records of sys_notice
-- ----------------------------
BEGIN;
INSERT INTO `sys_notice` (`notice_id`, `notice_title`, `notice_type`, `notice_content`, `status`, `create_by`, `create_time`, `update_by`, `update_time`, `remark`) VALUES (1, '温馨提醒：2018-07-01 若依新版本发布啦', '2', 0xE696B0E78988E69CACE58685E5AEB9, '0', 'admin', '2024-05-26 23:24:15', '', NULL, '管理员');
INSERT INTO `sys_notice` (`notice_id`, `notice_title`, `notice_type`, `notice_content`, `status`, `create_by`, `create_time`, `update_by`, `update_time`, `remark`) VALUES (2, '维护通知：2018-07-01 若依系统凌晨维护', '1', 0xE7BBB4E68AA4E58685E5AEB9, '0', 'admin', '2024-05-26 23:24:15', '', NULL, '管理员');
COMMIT;

-- ----------------------------
-- Table structure for sys_oper_log
-- ----------------------------
DROP TABLE IF EXISTS `sys_oper_log`;
CREATE TABLE `sys_oper_log` (
  `oper_id` bigint NOT NULL AUTO_INCREMENT COMMENT '日志主键',
  `title` varchar(50) COLLATE utf8mb4_unicode_ci DEFAULT '' COMMENT '模块标题',
  `business_type` int DEFAULT '0' COMMENT '业务类型（0其它 1新增 2修改 3删除）',
  `method` varchar(100) COLLATE utf8mb4_unicode_ci DEFAULT '' COMMENT '方法名称',
  `request_method` varchar(10) COLLATE utf8mb4_unicode_ci DEFAULT '' COMMENT '请求方式',
  `operator_type` int DEFAULT '0' COMMENT '操作类别（0其它 1后台用户 2手机端用户）',
  `oper_name` varchar(50) COLLATE utf8mb4_unicode_ci DEFAULT '' COMMENT '操作人员',
  `dept_name` varchar(50) COLLATE utf8mb4_unicode_ci DEFAULT '' COMMENT '部门名称',
  `oper_url` varchar(255) COLLATE utf8mb4_unicode_ci DEFAULT '' COMMENT '请求URL',
  `oper_ip` varchar(128) COLLATE utf8mb4_unicode_ci DEFAULT '' COMMENT '主机地址',
  `oper_location` varchar(255) COLLATE utf8mb4_unicode_ci DEFAULT '' COMMENT '操作地点',
  `oper_param` varchar(2000) COLLATE utf8mb4_unicode_ci DEFAULT '' COMMENT '请求参数',
  `json_result` varchar(2000) COLLATE utf8mb4_unicode_ci DEFAULT '' COMMENT '返回参数',
  `status` int DEFAULT '0' COMMENT '操作状态（0正常 1异常）',
  `error_msg` varchar(2000) COLLATE utf8mb4_unicode_ci DEFAULT '' COMMENT '错误消息',
  `oper_time` datetime DEFAULT NULL COMMENT '操作时间',
  `cost_time` bigint DEFAULT '0' COMMENT '消耗时间',
  PRIMARY KEY (`oper_id`),
  KEY `idx_sys_oper_log_bt` (`business_type`),
  KEY `idx_sys_oper_log_s` (`status`),
  KEY `idx_sys_oper_log_ot` (`oper_time`)
) ENGINE=InnoDB AUTO_INCREMENT=172 DEFAULT CHARSET=utf8mb4 COLLATE=utf8mb4_unicode_ci COMMENT='操作日志记录';

-- ----------------------------
-- Records of sys_oper_log
-- ----------------------------
BEGIN;
INSERT INTO `sys_oper_log` (`oper_id`, `title`, `business_type`, `method`, `request_method`, `operator_type`, `oper_name`, `dept_name`, `oper_url`, `oper_ip`, `oper_location`, `oper_param`, `json_result`, `status`, `error_msg`, `oper_time`, `cost_time`) VALUES (100, '代码生成', 6, 'com.ruoyi.generator.controller.GenController.importTableSave()', 'POST', 1, 'admin', '研发部门', '/tool/gen/importTable', '192.168.0.109', '内网IP', '{\"tables\":\"OvertimeRequests\"}', '{\"msg\":\"操作成功\",\"code\":200}', 0, NULL, '2024-05-26 23:43:04', 92);
INSERT INTO `sys_oper_log` (`oper_id`, `title`, `business_type`, `method`, `request_method`, `operator_type`, `oper_name`, `dept_name`, `oper_url`, `oper_ip`, `oper_location`, `oper_param`, `json_result`, `status`, `error_msg`, `oper_time`, `cost_time`) VALUES (101, '代码生成', 8, 'com.ruoyi.generator.controller.GenController.batchGenCode()', 'GET', 1, 'admin', '研发部门', '/tool/gen/batchGenCode', '192.168.0.109', '内网IP', '{\"tables\":\"OvertimeRequests\"}', NULL, 0, NULL, '2024-05-26 23:43:06', 214);
INSERT INTO `sys_oper_log` (`oper_id`, `title`, `business_type`, `method`, `request_method`, `operator_type`, `oper_name`, `dept_name`, `oper_url`, `oper_ip`, `oper_location`, `oper_param`, `json_result`, `status`, `error_msg`, `oper_time`, `cost_time`) VALUES (102, '菜单管理', 1, 'com.ruoyi.web.controller.system.SysMenuController.add()', 'POST', 1, 'admin', '研发部门', '/system/menu', '127.0.0.1', '内网IP', '{\"children\":[],\"createBy\":\"admin\",\"icon\":\"time\",\"isCache\":\"0\",\"isFrame\":\"1\",\"menuName\":\"加班申请\",\"menuType\":\"M\",\"orderNum\":6,\"params\":{},\"parentId\":0,\"path\":\"OvertimeRequests\",\"status\":\"0\",\"visible\":\"0\"}', '{\"msg\":\"操作成功\",\"code\":200}', 0, NULL, '2024-05-27 16:05:43', 27);
INSERT INTO `sys_oper_log` (`oper_id`, `title`, `business_type`, `method`, `request_method`, `operator_type`, `oper_name`, `dept_name`, `oper_url`, `oper_ip`, `oper_location`, `oper_param`, `json_result`, `status`, `error_msg`, `oper_time`, `cost_time`) VALUES (103, '菜单管理', 1, 'com.ruoyi.web.controller.system.SysMenuController.add()', 'POST', 1, 'admin', '研发部门', '/system/menu', '127.0.0.1', '内网IP', '{\"children\":[],\"createBy\":\"admin\",\"icon\":\"time\",\"isCache\":\"0\",\"isFrame\":\"1\",\"menuName\":\"加班申请\",\"menuType\":\"C\",\"orderNum\":1,\"params\":{},\"parentId\":2000,\"path\":\"OvertimeRequests/OvertimeRequests\",\"status\":\"0\",\"visible\":\"0\"}', '{\"msg\":\"操作成功\",\"code\":200}', 0, NULL, '2024-05-27 16:06:47', 18);
INSERT INTO `sys_oper_log` (`oper_id`, `title`, `business_type`, `method`, `request_method`, `operator_type`, `oper_name`, `dept_name`, `oper_url`, `oper_ip`, `oper_location`, `oper_param`, `json_result`, `status`, `error_msg`, `oper_time`, `cost_time`) VALUES (104, '菜单管理', 2, 'com.ruoyi.web.controller.system.SysMenuController.edit()', 'PUT', 1, 'admin', '研发部门', '/system/menu', '127.0.0.1', '内网IP', '{\"children\":[],\"createTime\":\"2024-05-27 16:06:47\",\"icon\":\"time\",\"isCache\":\"0\",\"isFrame\":\"1\",\"menuId\":2001,\"menuName\":\"加班申请\",\"menuType\":\"C\",\"orderNum\":1,\"params\":{},\"parentId\":2000,\"path\":\"OvertimeRequests/OvertimeRequests/index.vue\",\"perms\":\"OvertimeRequests:OvertimeRequests\",\"status\":\"0\",\"updateBy\":\"admin\",\"visible\":\"0\"}', '{\"msg\":\"操作成功\",\"code\":200}', 0, NULL, '2024-05-27 16:08:29', 12);
INSERT INTO `sys_oper_log` (`oper_id`, `title`, `business_type`, `method`, `request_method`, `operator_type`, `oper_name`, `dept_name`, `oper_url`, `oper_ip`, `oper_location`, `oper_param`, `json_result`, `status`, `error_msg`, `oper_time`, `cost_time`) VALUES (105, '菜单管理', 2, 'com.ruoyi.web.controller.system.SysMenuController.edit()', 'PUT', 1, 'admin', '研发部门', '/system/menu', '127.0.0.1', '内网IP', '{\"children\":[],\"component\":\"OvertimeRequests/OvertimeRequests/index.vue\",\"createTime\":\"2024-05-27 16:06:47\",\"icon\":\"time\",\"isCache\":\"0\",\"isFrame\":\"1\",\"menuId\":2001,\"menuName\":\"加班申请\",\"menuType\":\"C\",\"orderNum\":1,\"params\":{},\"parentId\":2000,\"path\":\"OvertimeRequests/OvertimeRequests/index.vue\",\"perms\":\"OvertimeRequests:OvertimeRequests\",\"status\":\"0\",\"updateBy\":\"admin\",\"visible\":\"0\"}', '{\"msg\":\"操作成功\",\"code\":200}', 0, NULL, '2024-05-27 16:08:40', 16);
INSERT INTO `sys_oper_log` (`oper_id`, `title`, `business_type`, `method`, `request_method`, `operator_type`, `oper_name`, `dept_name`, `oper_url`, `oper_ip`, `oper_location`, `oper_param`, `json_result`, `status`, `error_msg`, `oper_time`, `cost_time`) VALUES (106, '菜单管理', 2, 'com.ruoyi.web.controller.system.SysMenuController.edit()', 'PUT', 1, 'admin', '研发部门', '/system/menu', '127.0.0.1', '内网IP', '{\"children\":[],\"component\":\"OvertimeRequests/OvertimeRequests/index.vue\",\"createTime\":\"2024-05-27 16:06:47\",\"icon\":\"time\",\"isCache\":\"0\",\"isFrame\":\"1\",\"menuId\":2001,\"menuName\":\"加班申请\",\"menuType\":\"C\",\"orderNum\":1,\"params\":{},\"parentId\":2000,\"path\":\"OvertimeRequests/OvertimeRequests/index\",\"perms\":\"OvertimeRequests:OvertimeRequests\",\"status\":\"0\",\"updateBy\":\"admin\",\"visible\":\"0\"}', '{\"msg\":\"操作成功\",\"code\":200}', 0, NULL, '2024-05-27 16:08:55', 12);
INSERT INTO `sys_oper_log` (`oper_id`, `title`, `business_type`, `method`, `request_method`, `operator_type`, `oper_name`, `dept_name`, `oper_url`, `oper_ip`, `oper_location`, `oper_param`, `json_result`, `status`, `error_msg`, `oper_time`, `cost_time`) VALUES (107, '菜单管理', 2, 'com.ruoyi.web.controller.system.SysMenuController.edit()', 'PUT', 1, 'admin', '研发部门', '/system/menu', '127.0.0.1', '内网IP', '{\"children\":[],\"component\":\"OvertimeRequests/OvertimeRequests/index.vue\",\"createTime\":\"2024-05-27 16:06:47\",\"icon\":\"time\",\"isCache\":\"0\",\"isFrame\":\"1\",\"menuId\":2001,\"menuName\":\"加班申请\",\"menuType\":\"C\",\"orderNum\":1,\"params\":{},\"parentId\":2000,\"path\":\"OvertimeRequests\",\"perms\":\"OvertimeRequests:OvertimeRequests\",\"status\":\"0\",\"updateBy\":\"admin\",\"visible\":\"0\"}', '{\"msg\":\"操作成功\",\"code\":200}', 0, NULL, '2024-05-27 16:09:36', 16);
INSERT INTO `sys_oper_log` (`oper_id`, `title`, `business_type`, `method`, `request_method`, `operator_type`, `oper_name`, `dept_name`, `oper_url`, `oper_ip`, `oper_location`, `oper_param`, `json_result`, `status`, `error_msg`, `oper_time`, `cost_time`) VALUES (108, '菜单管理', 2, 'com.ruoyi.web.controller.system.SysMenuController.edit()', 'PUT', 1, 'admin', '研发部门', '/system/menu', '127.0.0.1', '内网IP', '{\"children\":[],\"component\":\"OvertimeRequests/OvertimeRequests/index.vue\",\"createTime\":\"2024-05-27 16:06:47\",\"icon\":\"time\",\"isCache\":\"0\",\"isFrame\":\"1\",\"menuId\":2001,\"menuName\":\"加班申请\",\"menuType\":\"C\",\"orderNum\":1,\"params\":{},\"parentId\":2000,\"path\":\"OvertimeRequests\",\"perms\":\"OvertimeRequests:OvertimeRequests:list\",\"status\":\"0\",\"updateBy\":\"admin\",\"visible\":\"0\"}', '{\"msg\":\"操作成功\",\"code\":200}', 0, NULL, '2024-05-27 16:09:59', 16);
INSERT INTO `sys_oper_log` (`oper_id`, `title`, `business_type`, `method`, `request_method`, `operator_type`, `oper_name`, `dept_name`, `oper_url`, `oper_ip`, `oper_location`, `oper_param`, `json_result`, `status`, `error_msg`, `oper_time`, `cost_time`) VALUES (109, '菜单管理', 2, 'com.ruoyi.web.controller.system.SysMenuController.edit()', 'PUT', 1, 'admin', '研发部门', '/system/menu', '127.0.0.1', '内网IP', '{\"children\":[],\"component\":\"OvertimeRequests/OvertimeRequests/index\",\"createTime\":\"2024-05-27 16:06:47\",\"icon\":\"time\",\"isCache\":\"0\",\"isFrame\":\"1\",\"menuId\":2001,\"menuName\":\"加班申请\",\"menuType\":\"C\",\"orderNum\":1,\"params\":{},\"parentId\":2000,\"path\":\"OvertimeRequests\",\"perms\":\"OvertimeRequests:OvertimeRequests:list\",\"status\":\"0\",\"updateBy\":\"admin\",\"visible\":\"0\"}', '{\"msg\":\"操作成功\",\"code\":200}', 0, NULL, '2024-05-27 16:10:17', 15);
INSERT INTO `sys_oper_log` (`oper_id`, `title`, `business_type`, `method`, `request_method`, `operator_type`, `oper_name`, `dept_name`, `oper_url`, `oper_ip`, `oper_location`, `oper_param`, `json_result`, `status`, `error_msg`, `oper_time`, `cost_time`) VALUES (110, '菜单管理', 1, 'com.ruoyi.web.controller.system.SysMenuController.add()', 'POST', 1, 'admin', '研发部门', '/system/menu', '127.0.0.1', '内网IP', '{\"children\":[],\"createBy\":\"admin\",\"isCache\":\"0\",\"isFrame\":\"1\",\"menuName\":\"新增申请\",\"menuType\":\"F\",\"orderNum\":1,\"params\":{},\"parentId\":2001,\"perms\":\"OvertimeRequests:OvertimeRequests:add\",\"status\":\"0\",\"visible\":\"0\"}', '{\"msg\":\"操作成功\",\"code\":200}', 0, NULL, '2024-05-27 16:11:09', 15);
INSERT INTO `sys_oper_log` (`oper_id`, `title`, `business_type`, `method`, `request_method`, `operator_type`, `oper_name`, `dept_name`, `oper_url`, `oper_ip`, `oper_location`, `oper_param`, `json_result`, `status`, `error_msg`, `oper_time`, `cost_time`) VALUES (111, '菜单管理', 2, 'com.ruoyi.web.controller.system.SysMenuController.edit()', 'PUT', 1, 'admin', '研发部门', '/system/menu', '127.0.0.1', '内网IP', '{\"children\":[],\"component\":\"OvertimeRequests/index\",\"createTime\":\"2024-05-27 16:06:47\",\"icon\":\"time\",\"isCache\":\"0\",\"isFrame\":\"1\",\"menuId\":2001,\"menuName\":\"加班申请\",\"menuType\":\"C\",\"orderNum\":1,\"params\":{},\"parentId\":2000,\"path\":\"OvertimeRequests\",\"perms\":\"OvertimeRequests:OvertimeRequests:list\",\"status\":\"0\",\"updateBy\":\"admin\",\"visible\":\"0\"}', '{\"msg\":\"操作成功\",\"code\":200}', 0, NULL, '2024-05-27 16:15:07', 11);
INSERT INTO `sys_oper_log` (`oper_id`, `title`, `business_type`, `method`, `request_method`, `operator_type`, `oper_name`, `dept_name`, `oper_url`, `oper_ip`, `oper_location`, `oper_param`, `json_result`, `status`, `error_msg`, `oper_time`, `cost_time`) VALUES (112, '菜单管理', 2, 'com.ruoyi.web.controller.system.SysMenuController.edit()', 'PUT', 1, 'admin', '研发部门', '/system/menu', '127.0.0.1', '内网IP', '{\"children\":[],\"component\":\"OvertimeRequests/index\",\"createTime\":\"2024-05-27 16:06:47\",\"icon\":\"time\",\"isCache\":\"0\",\"isFrame\":\"1\",\"menuId\":2001,\"menuName\":\"加班申请\",\"menuType\":\"C\",\"orderNum\":1,\"params\":{},\"parentId\":2000,\"path\":\"OvertimeRequests\",\"perms\":\"system:OvertimeRequests:list\",\"status\":\"0\",\"updateBy\":\"admin\",\"visible\":\"0\"}', '{\"msg\":\"操作成功\",\"code\":200}', 0, NULL, '2024-05-27 16:30:16', 28);
INSERT INTO `sys_oper_log` (`oper_id`, `title`, `business_type`, `method`, `request_method`, `operator_type`, `oper_name`, `dept_name`, `oper_url`, `oper_ip`, `oper_location`, `oper_param`, `json_result`, `status`, `error_msg`, `oper_time`, `cost_time`) VALUES (113, '菜单管理', 2, 'com.ruoyi.web.controller.system.SysMenuController.edit()', 'PUT', 1, 'admin', '研发部门', '/system/menu', '127.0.0.1', '内网IP', '{\"children\":[],\"createTime\":\"2024-05-27 16:05:43\",\"icon\":\"time\",\"isCache\":\"0\",\"isFrame\":\"1\",\"menuId\":2000,\"menuName\":\"加班申请\",\"menuType\":\"M\",\"orderNum\":6,\"params\":{},\"parentId\":0,\"path\":\"system\",\"perms\":\"\",\"status\":\"0\",\"updateBy\":\"admin\",\"visible\":\"0\"}', '{\"msg\":\"操作成功\",\"code\":200}', 0, NULL, '2024-05-27 16:30:23', 13);
INSERT INTO `sys_oper_log` (`oper_id`, `title`, `business_type`, `method`, `request_method`, `operator_type`, `oper_name`, `dept_name`, `oper_url`, `oper_ip`, `oper_location`, `oper_param`, `json_result`, `status`, `error_msg`, `oper_time`, `cost_time`) VALUES (114, '代码生成', 6, 'com.ruoyi.generator.controller.GenController.importTableSave()', 'POST', 1, 'admin', '研发部门', '/tool/gen/importTable', '127.0.0.1', '内网IP', '{\"tables\":\"OvertimeApprovals\"}', '{\"msg\":\"操作成功\",\"code\":200}', 0, NULL, '2024-05-27 16:31:59', 85);
INSERT INTO `sys_oper_log` (`oper_id`, `title`, `business_type`, `method`, `request_method`, `operator_type`, `oper_name`, `dept_name`, `oper_url`, `oper_ip`, `oper_location`, `oper_param`, `json_result`, `status`, `error_msg`, `oper_time`, `cost_time`) VALUES (115, '代码生成', 8, 'com.ruoyi.generator.controller.GenController.batchGenCode()', 'GET', 1, 'admin', '研发部门', '/tool/gen/batchGenCode', '127.0.0.1', '内网IP', '{\"tables\":\"OvertimeApprovals\"}', NULL, 0, NULL, '2024-05-27 16:32:03', 191);
INSERT INTO `sys_oper_log` (`oper_id`, `title`, `business_type`, `method`, `request_method`, `operator_type`, `oper_name`, `dept_name`, `oper_url`, `oper_ip`, `oper_location`, `oper_param`, `json_result`, `status`, `error_msg`, `oper_time`, `cost_time`) VALUES (116, '加班审批信息', 1, 'com.ruoyi.system.controller.OvertimeApprovalsController.add()', 'POST', 1, 'admin', '研发部门', '/system/OvertimeApprovals', '127.0.0.1', '内网IP', '{\"approvalDate\":\"2024-05-20\",\"approverId\":123,\"comments\":\"12\",\"overtimeId\":4671947,\"params\":{}}', NULL, 1, '\n### Error updating database.  Cause: java.sql.SQLIntegrityConstraintViolationException: Cannot add or update a child row: a foreign key constraint fails (`ry-vue`.`overtimeapprovals`, CONSTRAINT `overtimeapprovals_ibfk_1` FOREIGN KEY (`overtime_id`) REFERENCES `overtimerequests` (`overtime_id`))\n### The error may exist in file [/Users/yang/Documents/RuoYi-Vue-master/ruoyi-system/target/classes/mapper/system/OvertimeApprovalsMapper.xml]\n### The error may involve com.ruoyi.system.mapper.OvertimeApprovalsMapper.insertOvertimeApprovals-Inline\n### The error occurred while setting parameters\n### SQL: insert into OvertimeApprovals          ( overtime_id,             approver_id,             approval_date,                          comments )           values ( ?,             ?,             ?,                          ? )\n### Cause: java.sql.SQLIntegrityConstraintViolationException: Cannot add or update a child row: a foreign key constraint fails (`ry-vue`.`overtimeapprovals`, CONSTRAINT `overtimeapprovals_ibfk_1` FOREIGN KEY (`overtime_id`) REFERENCES `overtimerequests` (`overtime_id`))\n; Cannot add or update a child row: a foreign key constraint fails (`ry-vue`.`overtimeapprovals`, CONSTRAINT `overtimeapprovals_ibfk_1` FOREIGN KEY (`overtime_id`) REFERENCES `overtimerequests` (`overtime_id`)); nested exception is java.sql.SQLIntegrityConstraintViolationException: Cannot add or update a child row: a foreign key constraint fails (`ry-vue`.`overtimeapprovals`, CONSTRAINT `overtimeapprovals_ibfk_1` FOREIGN KEY (`overtime_id`) REFERENCES `overtimerequests` (`overtime_id`))', '2024-05-27 16:36:51', 87);
INSERT INTO `sys_oper_log` (`oper_id`, `title`, `business_type`, `method`, `request_method`, `operator_type`, `oper_name`, `dept_name`, `oper_url`, `oper_ip`, `oper_location`, `oper_param`, `json_result`, `status`, `error_msg`, `oper_time`, `cost_time`) VALUES (117, '菜单管理', 3, 'com.ruoyi.web.controller.system.SysMenuController.remove()', 'DELETE', 1, 'admin', '研发部门', '/system/menu/4', '127.0.0.1', '内网IP', '{}', '{\"msg\":\"菜单已分配,不允许删除\",\"code\":601}', 0, NULL, '2024-05-27 16:41:00', 13);
INSERT INTO `sys_oper_log` (`oper_id`, `title`, `business_type`, `method`, `request_method`, `operator_type`, `oper_name`, `dept_name`, `oper_url`, `oper_ip`, `oper_location`, `oper_param`, `json_result`, `status`, `error_msg`, `oper_time`, `cost_time`) VALUES (118, '菜单管理', 3, 'com.ruoyi.web.controller.system.SysMenuController.remove()', 'DELETE', 1, 'admin', '研发部门', '/system/menu/4', '127.0.0.1', '内网IP', '{}', '{\"msg\":\"菜单已分配,不允许删除\",\"code\":601}', 0, NULL, '2024-05-27 16:41:46', 9);
INSERT INTO `sys_oper_log` (`oper_id`, `title`, `business_type`, `method`, `request_method`, `operator_type`, `oper_name`, `dept_name`, `oper_url`, `oper_ip`, `oper_location`, `oper_param`, `json_result`, `status`, `error_msg`, `oper_time`, `cost_time`) VALUES (119, '菜单管理', 3, 'com.ruoyi.web.controller.system.SysMenuController.remove()', 'DELETE', 1, 'admin', '研发部门', '/system/menu/2002', '127.0.0.1', '内网IP', '{}', '{\"msg\":\"操作成功\",\"code\":200}', 0, NULL, '2024-05-27 16:43:23', 19);
INSERT INTO `sys_oper_log` (`oper_id`, `title`, `business_type`, `method`, `request_method`, `operator_type`, `oper_name`, `dept_name`, `oper_url`, `oper_ip`, `oper_location`, `oper_param`, `json_result`, `status`, `error_msg`, `oper_time`, `cost_time`) VALUES (120, '菜单管理', 3, 'com.ruoyi.web.controller.system.SysMenuController.remove()', 'DELETE', 1, 'admin', '研发部门', '/system/menu/2001', '127.0.0.1', '内网IP', '{}', '{\"msg\":\"操作成功\",\"code\":200}', 0, NULL, '2024-05-27 16:43:27', 10);
INSERT INTO `sys_oper_log` (`oper_id`, `title`, `business_type`, `method`, `request_method`, `operator_type`, `oper_name`, `dept_name`, `oper_url`, `oper_ip`, `oper_location`, `oper_param`, `json_result`, `status`, `error_msg`, `oper_time`, `cost_time`) VALUES (121, '菜单管理', 3, 'com.ruoyi.web.controller.system.SysMenuController.remove()', 'DELETE', 1, 'admin', '研发部门', '/system/menu/2000', '127.0.0.1', '内网IP', '{}', '{\"msg\":\"操作成功\",\"code\":200}', 0, NULL, '2024-05-27 16:43:30', 16);
INSERT INTO `sys_oper_log` (`oper_id`, `title`, `business_type`, `method`, `request_method`, `operator_type`, `oper_name`, `dept_name`, `oper_url`, `oper_ip`, `oper_location`, `oper_param`, `json_result`, `status`, `error_msg`, `oper_time`, `cost_time`) VALUES (122, '菜单管理', 3, 'com.ruoyi.web.controller.system.SysMenuController.remove()', 'DELETE', 1, 'admin', '研发部门', '/system/menu/4', '127.0.0.1', '内网IP', '{}', '{\"msg\":\"菜单已分配,不允许删除\",\"code\":601}', 0, NULL, '2024-05-27 16:43:32', 7);
INSERT INTO `sys_oper_log` (`oper_id`, `title`, `business_type`, `method`, `request_method`, `operator_type`, `oper_name`, `dept_name`, `oper_url`, `oper_ip`, `oper_location`, `oper_param`, `json_result`, `status`, `error_msg`, `oper_time`, `cost_time`) VALUES (123, '菜单管理', 3, 'com.ruoyi.web.controller.system.SysMenuController.remove()', 'DELETE', 1, 'admin', '研发部门', '/system/menu/2009', '127.0.0.1', '内网IP', '{}', '{\"msg\":\"存在子菜单,不允许删除\",\"code\":601}', 0, NULL, '2024-05-27 16:44:21', 4);
INSERT INTO `sys_oper_log` (`oper_id`, `title`, `business_type`, `method`, `request_method`, `operator_type`, `oper_name`, `dept_name`, `oper_url`, `oper_ip`, `oper_location`, `oper_param`, `json_result`, `status`, `error_msg`, `oper_time`, `cost_time`) VALUES (124, '加班申请信息', 1, 'com.ruoyi.system.controller.OvertimeRequestsController.add()', 'POST', 1, 'admin', '研发部门', '/system/OvertimeRequests', '127.0.0.1', '内网IP', '{\"applyDate\":\"2024-05-27\",\"employeeId\":4671947,\"endTime\":\"2024-05-28\",\"params\":{},\"reason\":\"123\",\"startTime\":\"2024-05-27\"}', NULL, 1, '\n### Error updating database.  Cause: java.sql.SQLIntegrityConstraintViolationException: Cannot add or update a child row: a foreign key constraint fails (`ry-vue`.`overtimerequests`, CONSTRAINT `overtimerequests_ibfk_1` FOREIGN KEY (`employee_id`) REFERENCES `employees` (`employee_id`))\n### The error may exist in file [/Users/yang/Documents/RuoYi-Vue-master/ruoyi-system/target/classes/mapper/system/OvertimeRequestsMapper.xml]\n### The error may involve com.ruoyi.system.mapper.OvertimeRequestsMapper.insertOvertimeRequests-Inline\n### The error occurred while setting parameters\n### SQL: insert into OvertimeRequests          ( employee_id,             apply_date,             start_time,             end_time,                          reason )           values ( ?,             ?,             ?,             ?,                          ? )\n### Cause: java.sql.SQLIntegrityConstraintViolationException: Cannot add or update a child row: a foreign key constraint fails (`ry-vue`.`overtimerequests`, CONSTRAINT `overtimerequests_ibfk_1` FOREIGN KEY (`employee_id`) REFERENCES `employees` (`employee_id`))\n; Cannot add or update a child row: a foreign key constraint fails (`ry-vue`.`overtimerequests`, CONSTRAINT `overtimerequests_ibfk_1` FOREIGN KEY (`employee_id`) REFERENCES `employees` (`employee_id`)); nested exception is java.sql.SQLIntegrityConstraintViolationException: Cannot add or update a child row: a foreign key constraint fails (`ry-vue`.`overtimerequests`, CONSTRAINT `overtimerequests_ibfk_1` FOREIGN KEY (`employee_id`) REFERENCES `employees` (`employee_id`))', '2024-05-27 16:49:25', 83);
INSERT INTO `sys_oper_log` (`oper_id`, `title`, `business_type`, `method`, `request_method`, `operator_type`, `oper_name`, `dept_name`, `oper_url`, `oper_ip`, `oper_location`, `oper_param`, `json_result`, `status`, `error_msg`, `oper_time`, `cost_time`) VALUES (125, '加班申请信息', 1, 'com.ruoyi.system.controller.OvertimeRequestsController.add()', 'POST', 1, 'admin', '研发部门', '/system/OvertimeRequests', '127.0.0.1', '内网IP', '{\"applyDate\":\"2024-05-27\",\"employeeId\":4671947,\"endTime\":\"2024-05-28\",\"params\":{},\"reason\":\"123\",\"startTime\":\"2024-05-27\"}', NULL, 1, '\n### Error updating database.  Cause: java.sql.SQLIntegrityConstraintViolationException: Cannot add or update a child row: a foreign key constraint fails (`ry-vue`.`overtimerequests`, CONSTRAINT `overtimerequests_ibfk_1` FOREIGN KEY (`employee_id`) REFERENCES `employees` (`employee_id`))\n### The error may exist in file [/Users/yang/Documents/RuoYi-Vue-master/ruoyi-system/target/classes/mapper/system/OvertimeRequestsMapper.xml]\n### The error may involve com.ruoyi.system.mapper.OvertimeRequestsMapper.insertOvertimeRequests-Inline\n### The error occurred while setting parameters\n### SQL: insert into OvertimeRequests          ( employee_id,             apply_date,             start_time,             end_time,                          reason )           values ( ?,             ?,             ?,             ?,                          ? )\n### Cause: java.sql.SQLIntegrityConstraintViolationException: Cannot add or update a child row: a foreign key constraint fails (`ry-vue`.`overtimerequests`, CONSTRAINT `overtimerequests_ibfk_1` FOREIGN KEY (`employee_id`) REFERENCES `employees` (`employee_id`))\n; Cannot add or update a child row: a foreign key constraint fails (`ry-vue`.`overtimerequests`, CONSTRAINT `overtimerequests_ibfk_1` FOREIGN KEY (`employee_id`) REFERENCES `employees` (`employee_id`)); nested exception is java.sql.SQLIntegrityConstraintViolationException: Cannot add or update a child row: a foreign key constraint fails (`ry-vue`.`overtimerequests`, CONSTRAINT `overtimerequests_ibfk_1` FOREIGN KEY (`employee_id`) REFERENCES `employees` (`employee_id`))', '2024-05-27 16:49:26', 10);
INSERT INTO `sys_oper_log` (`oper_id`, `title`, `business_type`, `method`, `request_method`, `operator_type`, `oper_name`, `dept_name`, `oper_url`, `oper_ip`, `oper_location`, `oper_param`, `json_result`, `status`, `error_msg`, `oper_time`, `cost_time`) VALUES (126, '菜单管理', 1, 'com.ruoyi.web.controller.system.SysMenuController.add()', 'POST', 1, 'admin', '研发部门', '/system/menu', '127.0.0.1', '内网IP', '{\"children\":[],\"createBy\":\"admin\",\"icon\":\"log\",\"isCache\":\"0\",\"isFrame\":\"1\",\"menuName\":\"加班调休\",\"menuType\":\"M\",\"orderNum\":4,\"params\":{},\"parentId\":0,\"path\":\"system\",\"status\":\"0\",\"visible\":\"0\"}', '{\"msg\":\"操作成功\",\"code\":200}', 0, NULL, '2024-05-27 16:55:26', 23);
INSERT INTO `sys_oper_log` (`oper_id`, `title`, `business_type`, `method`, `request_method`, `operator_type`, `oper_name`, `dept_name`, `oper_url`, `oper_ip`, `oper_location`, `oper_param`, `json_result`, `status`, `error_msg`, `oper_time`, `cost_time`) VALUES (127, '菜单管理', 3, 'com.ruoyi.web.controller.system.SysMenuController.remove()', 'DELETE', 1, 'admin', '研发部门', '/system/menu/2016', '127.0.0.1', '内网IP', '{}', '{\"msg\":\"操作成功\",\"code\":200}', 0, NULL, '2024-05-27 16:59:31', 18);
INSERT INTO `sys_oper_log` (`oper_id`, `title`, `business_type`, `method`, `request_method`, `operator_type`, `oper_name`, `dept_name`, `oper_url`, `oper_ip`, `oper_location`, `oper_param`, `json_result`, `status`, `error_msg`, `oper_time`, `cost_time`) VALUES (128, '菜单管理', 3, 'com.ruoyi.web.controller.system.SysMenuController.remove()', 'DELETE', 1, 'admin', '研发部门', '/system/menu/2017', '127.0.0.1', '内网IP', '{}', '{\"msg\":\"操作成功\",\"code\":200}', 0, NULL, '2024-05-27 16:59:33', 17);
INSERT INTO `sys_oper_log` (`oper_id`, `title`, `business_type`, `method`, `request_method`, `operator_type`, `oper_name`, `dept_name`, `oper_url`, `oper_ip`, `oper_location`, `oper_param`, `json_result`, `status`, `error_msg`, `oper_time`, `cost_time`) VALUES (129, '菜单管理', 3, 'com.ruoyi.web.controller.system.SysMenuController.remove()', 'DELETE', 1, 'admin', '研发部门', '/system/menu/2018', '127.0.0.1', '内网IP', '{}', '{\"msg\":\"操作成功\",\"code\":200}', 0, NULL, '2024-05-27 16:59:35', 15);
INSERT INTO `sys_oper_log` (`oper_id`, `title`, `business_type`, `method`, `request_method`, `operator_type`, `oper_name`, `dept_name`, `oper_url`, `oper_ip`, `oper_location`, `oper_param`, `json_result`, `status`, `error_msg`, `oper_time`, `cost_time`) VALUES (130, '菜单管理', 3, 'com.ruoyi.web.controller.system.SysMenuController.remove()', 'DELETE', 1, 'admin', '研发部门', '/system/menu/2019', '127.0.0.1', '内网IP', '{}', '{\"msg\":\"操作成功\",\"code\":200}', 0, NULL, '2024-05-27 16:59:37', 17);
INSERT INTO `sys_oper_log` (`oper_id`, `title`, `business_type`, `method`, `request_method`, `operator_type`, `oper_name`, `dept_name`, `oper_url`, `oper_ip`, `oper_location`, `oper_param`, `json_result`, `status`, `error_msg`, `oper_time`, `cost_time`) VALUES (131, '菜单管理', 3, 'com.ruoyi.web.controller.system.SysMenuController.remove()', 'DELETE', 1, 'admin', '研发部门', '/system/menu/2020', '127.0.0.1', '内网IP', '{}', '{\"msg\":\"操作成功\",\"code\":200}', 0, NULL, '2024-05-27 16:59:38', 15);
INSERT INTO `sys_oper_log` (`oper_id`, `title`, `business_type`, `method`, `request_method`, `operator_type`, `oper_name`, `dept_name`, `oper_url`, `oper_ip`, `oper_location`, `oper_param`, `json_result`, `status`, `error_msg`, `oper_time`, `cost_time`) VALUES (132, '加班申请信息', 1, 'com.ruoyi.system.controller.OvertimeRequestsController.add()', 'POST', 1, 'admin', '研发部门', '/system/OvertimeRequests', '127.0.0.1', '内网IP', '{\"applyDate\":\"2024-05-27\",\"employeeId\":123,\"endTime\":\"2024-05-28\",\"params\":{},\"reason\":\"123\",\"startTime\":\"2024-05-28\"}', NULL, 1, '\n### Error updating database.  Cause: java.sql.SQLIntegrityConstraintViolationException: Cannot add or update a child row: a foreign key constraint fails (`ry-vue`.`overtimerequests`, CONSTRAINT `overtimerequests_ibfk_1` FOREIGN KEY (`employee_id`) REFERENCES `employees` (`employee_id`))\n### The error may exist in file [/Users/yang/Documents/RuoYi-Vue-master/ruoyi-system/target/classes/mapper/system/OvertimeRequestsMapper.xml]\n### The error may involve com.ruoyi.system.mapper.OvertimeRequestsMapper.insertOvertimeRequests-Inline\n### The error occurred while setting parameters\n### SQL: insert into OvertimeRequests          ( employee_id,             apply_date,             start_time,             end_time,                          reason )           values ( ?,             ?,             ?,             ?,                          ? )\n### Cause: java.sql.SQLIntegrityConstraintViolationException: Cannot add or update a child row: a foreign key constraint fails (`ry-vue`.`overtimerequests`, CONSTRAINT `overtimerequests_ibfk_1` FOREIGN KEY (`employee_id`) REFERENCES `employees` (`employee_id`))\n; Cannot add or update a child row: a foreign key constraint fails (`ry-vue`.`overtimerequests`, CONSTRAINT `overtimerequests_ibfk_1` FOREIGN KEY (`employee_id`) REFERENCES `employees` (`employee_id`)); nested exception is java.sql.SQLIntegrityConstraintViolationException: Cannot add or update a child row: a foreign key constraint fails (`ry-vue`.`overtimerequests`, CONSTRAINT `overtimerequests_ibfk_1` FOREIGN KEY (`employee_id`) REFERENCES `employees` (`employee_id`))', '2024-05-27 20:33:20', 79);
INSERT INTO `sys_oper_log` (`oper_id`, `title`, `business_type`, `method`, `request_method`, `operator_type`, `oper_name`, `dept_name`, `oper_url`, `oper_ip`, `oper_location`, `oper_param`, `json_result`, `status`, `error_msg`, `oper_time`, `cost_time`) VALUES (133, '加班申请信息', 1, 'com.ruoyi.system.controller.OvertimeRequestsController.add()', 'POST', 1, 'admin', '研发部门', '/system/OvertimeRequests', '127.0.0.1', '内网IP', '{\"applyDate\":\"2024-05-27\",\"employeeId\":1,\"endTime\":\"2024-05-28\",\"overtimeId\":4,\"params\":{},\"startTime\":\"2024-05-27\"}', '{\"msg\":\"操作成功\",\"code\":200}', 0, NULL, '2024-05-27 20:43:24', 13);
INSERT INTO `sys_oper_log` (`oper_id`, `title`, `business_type`, `method`, `request_method`, `operator_type`, `oper_name`, `dept_name`, `oper_url`, `oper_ip`, `oper_location`, `oper_param`, `json_result`, `status`, `error_msg`, `oper_time`, `cost_time`) VALUES (134, '加班申请信息', 2, 'com.ruoyi.system.controller.OvertimeRequestsController.edit()', 'PUT', 1, 'admin', '研发部门', '/system/OvertimeRequests', '127.0.0.1', '内网IP', '{\"applyDate\":\"2024-05-27\",\"employeeId\":1,\"endTime\":\"2024-05-28\",\"overtimeId\":4,\"params\":{},\"reason\":\"724值班\",\"startTime\":\"2024-05-27\",\"status\":\"Pending\"}', '{\"msg\":\"操作成功\",\"code\":200}', 0, NULL, '2024-05-27 20:44:28', 12);
INSERT INTO `sys_oper_log` (`oper_id`, `title`, `business_type`, `method`, `request_method`, `operator_type`, `oper_name`, `dept_name`, `oper_url`, `oper_ip`, `oper_location`, `oper_param`, `json_result`, `status`, `error_msg`, `oper_time`, `cost_time`) VALUES (135, '加班申请信息', 1, 'com.ruoyi.system.controller.OvertimeRequestsController.add()', 'POST', 1, 'admin', '研发部门', '/system/OvertimeRequests', '127.0.0.1', '内网IP', '{\"applyDate\":\"2024-05-27\",\"employeeId\":2,\"endTime\":\"2024-05-29\",\"overtimeId\":5,\"params\":{},\"reason\":\"2405投产\",\"startTime\":\"2024-05-15\"}', '{\"msg\":\"操作成功\",\"code\":200}', 0, NULL, '2024-05-27 20:44:49', 11);
INSERT INTO `sys_oper_log` (`oper_id`, `title`, `business_type`, `method`, `request_method`, `operator_type`, `oper_name`, `dept_name`, `oper_url`, `oper_ip`, `oper_location`, `oper_param`, `json_result`, `status`, `error_msg`, `oper_time`, `cost_time`) VALUES (136, '加班申请信息', 5, 'com.ruoyi.system.controller.OvertimeRequestsController.export()', 'POST', 1, 'admin', '研发部门', '/system/OvertimeRequests/export', '127.0.0.1', '内网IP', '{\"pageSize\":\"10\",\"pageNum\":\"1\"}', NULL, 0, NULL, '2024-05-27 20:44:53', 757);
INSERT INTO `sys_oper_log` (`oper_id`, `title`, `business_type`, `method`, `request_method`, `operator_type`, `oper_name`, `dept_name`, `oper_url`, `oper_ip`, `oper_location`, `oper_param`, `json_result`, `status`, `error_msg`, `oper_time`, `cost_time`) VALUES (137, '加班申请信息', 3, 'com.ruoyi.system.controller.OvertimeRequestsController.remove()', 'DELETE', 1, 'admin', '研发部门', '/system/OvertimeRequests/5', '127.0.0.1', '内网IP', '{}', '{\"msg\":\"操作成功\",\"code\":200}', 0, NULL, '2024-05-27 20:52:22', 12);
INSERT INTO `sys_oper_log` (`oper_id`, `title`, `business_type`, `method`, `request_method`, `operator_type`, `oper_name`, `dept_name`, `oper_url`, `oper_ip`, `oper_location`, `oper_param`, `json_result`, `status`, `error_msg`, `oper_time`, `cost_time`) VALUES (138, '加班申请信息', 1, 'com.ruoyi.system.controller.OvertimeRequestsController.add()', 'POST', 1, 'admin', '研发部门', '/system/OvertimeRequests', '127.0.0.1', '内网IP', '{\"applyDate\":\"2024-05-28\",\"employeeId\":2,\"endTime\":\"2024-05-30\",\"overtimeId\":6,\"params\":{},\"startTime\":\"2024-05-29\"}', '{\"msg\":\"操作成功\",\"code\":200}', 0, NULL, '2024-05-27 21:01:50', 14);
INSERT INTO `sys_oper_log` (`oper_id`, `title`, `business_type`, `method`, `request_method`, `operator_type`, `oper_name`, `dept_name`, `oper_url`, `oper_ip`, `oper_location`, `oper_param`, `json_result`, `status`, `error_msg`, `oper_time`, `cost_time`) VALUES (139, '加班申请信息', 2, 'com.ruoyi.system.controller.OvertimeRequestsController.edit()', 'PUT', 1, 'admin', '研发部门', '/system/OvertimeRequests', '127.0.0.1', '内网IP', '{\"applyDate\":\"2024-05-27\",\"employeeId\":1,\"endTime\":\"2024-05-28\",\"overtimeId\":4,\"params\":{},\"reason\":\"724值班\",\"startTime\":\"2024-05-27\",\"status\":\"Pending\"}', '{\"msg\":\"操作成功\",\"code\":200}', 0, NULL, '2024-05-27 21:03:55', 4);
INSERT INTO `sys_oper_log` (`oper_id`, `title`, `business_type`, `method`, `request_method`, `operator_type`, `oper_name`, `dept_name`, `oper_url`, `oper_ip`, `oper_location`, `oper_param`, `json_result`, `status`, `error_msg`, `oper_time`, `cost_time`) VALUES (140, '加班申请信息', 2, 'com.ruoyi.system.controller.OvertimeRequestsController.edit()', 'PUT', 1, 'admin', '研发部门', '/system/OvertimeRequests', '127.0.0.1', '内网IP', '{\"applyDate\":\"2024-05-27 00:00\",\"employeeId\":1,\"endTime\":\"2024-05-28 00:00\",\"overtimeId\":4,\"params\":{},\"reason\":\"724值班\",\"startTime\":\"2024-05-27 21:05\",\"status\":\"Pending\"}', '{\"msg\":\"操作成功\",\"code\":200}', 0, NULL, '2024-05-27 21:05:49', 21);
INSERT INTO `sys_oper_log` (`oper_id`, `title`, `business_type`, `method`, `request_method`, `operator_type`, `oper_name`, `dept_name`, `oper_url`, `oper_ip`, `oper_location`, `oper_param`, `json_result`, `status`, `error_msg`, `oper_time`, `cost_time`) VALUES (141, '代码生成', 6, 'com.ruoyi.generator.controller.GenController.importTableSave()', 'POST', 1, 'admin', '研发部门', '/tool/gen/importTable', '127.0.0.1', '内网IP', '{\"tables\":\"AccumulatedOvertime\"}', '{\"msg\":\"操作成功\",\"code\":200}', 0, NULL, '2024-05-27 21:25:59', 61);
INSERT INTO `sys_oper_log` (`oper_id`, `title`, `business_type`, `method`, `request_method`, `operator_type`, `oper_name`, `dept_name`, `oper_url`, `oper_ip`, `oper_location`, `oper_param`, `json_result`, `status`, `error_msg`, `oper_time`, `cost_time`) VALUES (142, '代码生成', 8, 'com.ruoyi.generator.controller.GenController.batchGenCode()', 'GET', 1, 'admin', '研发部门', '/tool/gen/batchGenCode', '127.0.0.1', '内网IP', '{\"tables\":\"OvertimeRequests\"}', NULL, 0, NULL, '2024-05-27 21:26:08', 231);
INSERT INTO `sys_oper_log` (`oper_id`, `title`, `business_type`, `method`, `request_method`, `operator_type`, `oper_name`, `dept_name`, `oper_url`, `oper_ip`, `oper_location`, `oper_param`, `json_result`, `status`, `error_msg`, `oper_time`, `cost_time`) VALUES (143, '代码生成', 8, 'com.ruoyi.generator.controller.GenController.batchGenCode()', 'GET', 1, 'admin', '研发部门', '/tool/gen/batchGenCode', '127.0.0.1', '内网IP', '{\"tables\":\"AccumulatedOvertime\"}', NULL, 0, NULL, '2024-05-27 21:26:59', 39);
INSERT INTO `sys_oper_log` (`oper_id`, `title`, `business_type`, `method`, `request_method`, `operator_type`, `oper_name`, `dept_name`, `oper_url`, `oper_ip`, `oper_location`, `oper_param`, `json_result`, `status`, `error_msg`, `oper_time`, `cost_time`) VALUES (144, '加班申请信息', 1, 'com.ruoyi.system.controller.OvertimeRequestsController.add()', 'POST', 1, 'admin', '研发部门', '/system/OvertimeRequests', '127.0.0.1', '内网IP', '{\"applyDate\":\"2024-05-27 21:44\",\"employeeId\":2,\"endTime\":\"2024-05-28 04:18\",\"params\":{},\"reason\":\"724值班\",\"startTime\":\"2024-05-28 02:00\"}', NULL, 1, 'java.util.Date cannot be cast to java.time.temporal.Temporal', '2024-05-27 21:44:58', 20);
INSERT INTO `sys_oper_log` (`oper_id`, `title`, `business_type`, `method`, `request_method`, `operator_type`, `oper_name`, `dept_name`, `oper_url`, `oper_ip`, `oper_location`, `oper_param`, `json_result`, `status`, `error_msg`, `oper_time`, `cost_time`) VALUES (145, '加班申请信息', 1, 'com.ruoyi.system.controller.OvertimeRequestsController.add()', 'POST', 1, 'admin', '研发部门', '/system/OvertimeRequests', '127.0.0.1', '内网IP', '{\"applyDate\":\"2024-05-27 21:50\",\"employeeId\":2,\"endTime\":\"2024-05-28 04:12\",\"params\":{},\"reason\":\"12345\",\"startTime\":\"2024-05-28 02:00\"}', NULL, 1, '\n### Error updating database.  Cause: java.sql.SQLIntegrityConstraintViolationException: Cannot add or update a child row: a foreign key constraint fails (`ry-vue`.`accumulatedovertime`, CONSTRAINT `accumulatedovertime_ibfk_1` FOREIGN KEY (`employee_id`) REFERENCES `employees` (`employee_id`))\n### The error may exist in file [/Users/yang/Documents/RuoYi-Vue-master/ruoyi-system/target/classes/mapper/system/AccumulatedOvertimeMapper.xml]\n### The error may involve com.ruoyi.system.mapper.AccumulatedOvertimeMapper.insertAccumulatedOvertime-Inline\n### The error occurred while setting parameters\n### SQL: insert into AccumulatedOvertime          ( employee_id,             total_overtime_hours )           values ( ?,             ? )\n### Cause: java.sql.SQLIntegrityConstraintViolationException: Cannot add or update a child row: a foreign key constraint fails (`ry-vue`.`accumulatedovertime`, CONSTRAINT `accumulatedovertime_ibfk_1` FOREIGN KEY (`employee_id`) REFERENCES `employees` (`employee_id`))\n; Cannot add or update a child row: a foreign key constraint fails (`ry-vue`.`accumulatedovertime`, CONSTRAINT `accumulatedovertime_ibfk_1` FOREIGN KEY (`employee_id`) REFERENCES `employees` (`employee_id`)); nested exception is java.sql.SQLIntegrityConstraintViolationException: Cannot add or update a child row: a foreign key constraint fails (`ry-vue`.`accumulatedovertime`, CONSTRAINT `accumulatedovertime_ibfk_1` FOREIGN KEY (`employee_id`) REFERENCES `employees` (`employee_id`))', '2024-05-27 21:50:25', 102);
INSERT INTO `sys_oper_log` (`oper_id`, `title`, `business_type`, `method`, `request_method`, `operator_type`, `oper_name`, `dept_name`, `oper_url`, `oper_ip`, `oper_location`, `oper_param`, `json_result`, `status`, `error_msg`, `oper_time`, `cost_time`) VALUES (146, '加班申请信息', 1, 'com.ruoyi.system.controller.OvertimeRequestsController.add()', 'POST', 1, 'admin', '研发部门', '/system/OvertimeRequests', '127.0.0.1', '内网IP', '{\"applyDate\":\"2024-05-27 21:53\",\"employeeId\":2,\"endTime\":\"2024-05-28 02:02\",\"params\":{},\"startTime\":\"2024-05-28 00:00\"}', NULL, 1, '\n### Error updating database.  Cause: java.sql.SQLIntegrityConstraintViolationException: Cannot add or update a child row: a foreign key constraint fails (`ry-vue`.`accumulatedovertime`, CONSTRAINT `accumulatedovertime_ibfk_1` FOREIGN KEY (`employee_id`) REFERENCES `employees` (`employee_id`))\n### The error may exist in file [/Users/yang/Documents/RuoYi-Vue-master/ruoyi-system/target/classes/mapper/system/AccumulatedOvertimeMapper.xml]\n### The error may involve com.ruoyi.system.mapper.AccumulatedOvertimeMapper.insertAccumulatedOvertime-Inline\n### The error occurred while setting parameters\n### SQL: insert into AccumulatedOvertime          ( employee_id,             total_overtime_hours )           values ( ?,             ? )\n### Cause: java.sql.SQLIntegrityConstraintViolationException: Cannot add or update a child row: a foreign key constraint fails (`ry-vue`.`accumulatedovertime`, CONSTRAINT `accumulatedovertime_ibfk_1` FOREIGN KEY (`employee_id`) REFERENCES `employees` (`employee_id`))\n; Cannot add or update a child row: a foreign key constraint fails (`ry-vue`.`accumulatedovertime`, CONSTRAINT `accumulatedovertime_ibfk_1` FOREIGN KEY (`employee_id`) REFERENCES `employees` (`employee_id`)); nested exception is java.sql.SQLIntegrityConstraintViolationException: Cannot add or update a child row: a foreign key constraint fails (`ry-vue`.`accumulatedovertime`, CONSTRAINT `accumulatedovertime_ibfk_1` FOREIGN KEY (`employee_id`) REFERENCES `employees` (`employee_id`))', '2024-05-27 21:54:17', 41867);
INSERT INTO `sys_oper_log` (`oper_id`, `title`, `business_type`, `method`, `request_method`, `operator_type`, `oper_name`, `dept_name`, `oper_url`, `oper_ip`, `oper_location`, `oper_param`, `json_result`, `status`, `error_msg`, `oper_time`, `cost_time`) VALUES (147, '加班申请信息', 1, 'com.ruoyi.system.controller.OvertimeRequestsController.add()', 'POST', 1, 'admin', '研发部门', '/system/OvertimeRequests', '127.0.0.1', '内网IP', '{\"applyDate\":\"2024-05-27 21:54\",\"employeeId\":2,\"endTime\":\"2024-05-28 02:02\",\"params\":{},\"startTime\":\"2024-05-28 00:00\"}', NULL, 1, '\n### Error updating database.  Cause: java.sql.SQLIntegrityConstraintViolationException: Cannot add or update a child row: a foreign key constraint fails (`ry-vue`.`accumulatedovertime`, CONSTRAINT `accumulatedovertime_ibfk_1` FOREIGN KEY (`employee_id`) REFERENCES `employees` (`employee_id`))\n### The error may exist in file [/Users/yang/Documents/RuoYi-Vue-master/ruoyi-system/target/classes/mapper/system/AccumulatedOvertimeMapper.xml]\n### The error may involve com.ruoyi.system.mapper.AccumulatedOvertimeMapper.insertAccumulatedOvertime-Inline\n### The error occurred while setting parameters\n### SQL: insert into AccumulatedOvertime          ( employee_id,             total_overtime_hours )           values ( ?,             ? )\n### Cause: java.sql.SQLIntegrityConstraintViolationException: Cannot add or update a child row: a foreign key constraint fails (`ry-vue`.`accumulatedovertime`, CONSTRAINT `accumulatedovertime_ibfk_1` FOREIGN KEY (`employee_id`) REFERENCES `employees` (`employee_id`))\n; Cannot add or update a child row: a foreign key constraint fails (`ry-vue`.`accumulatedovertime`, CONSTRAINT `accumulatedovertime_ibfk_1` FOREIGN KEY (`employee_id`) REFERENCES `employees` (`employee_id`)); nested exception is java.sql.SQLIntegrityConstraintViolationException: Cannot add or update a child row: a foreign key constraint fails (`ry-vue`.`accumulatedovertime`, CONSTRAINT `accumulatedovertime_ibfk_1` FOREIGN KEY (`employee_id`) REFERENCES `employees` (`employee_id`))', '2024-05-27 21:55:00', 101);
INSERT INTO `sys_oper_log` (`oper_id`, `title`, `business_type`, `method`, `request_method`, `operator_type`, `oper_name`, `dept_name`, `oper_url`, `oper_ip`, `oper_location`, `oper_param`, `json_result`, `status`, `error_msg`, `oper_time`, `cost_time`) VALUES (148, '加班申请信息', 1, 'com.ruoyi.system.controller.OvertimeRequestsController.add()', 'POST', 1, 'admin', '研发部门', '/system/OvertimeRequests', '127.0.0.1', '内网IP', '{\"applyDate\":\"2024-05-27 21:55\",\"employeeId\":2,\"endTime\":\"2024-05-28 01:32\",\"params\":{},\"startTime\":\"2024-05-28 00:00\"}', NULL, 1, '\n### Error updating database.  Cause: java.sql.SQLIntegrityConstraintViolationException: Cannot add or update a child row: a foreign key constraint fails (`ry-vue`.`accumulatedovertime`, CONSTRAINT `accumulatedovertime_ibfk_1` FOREIGN KEY (`employee_id`) REFERENCES `employees` (`employee_id`))\n### The error may exist in file [/Users/yang/Documents/RuoYi-Vue-master/ruoyi-system/target/classes/mapper/system/AccumulatedOvertimeMapper.xml]\n### The error may involve com.ruoyi.system.mapper.AccumulatedOvertimeMapper.insertAccumulatedOvertime-Inline\n### The error occurred while setting parameters\n### SQL: insert into AccumulatedOvertime          ( employee_id,             total_overtime_hours )           values ( ?,             ? )\n### Cause: java.sql.SQLIntegrityConstraintViolationException: Cannot add or update a child row: a foreign key constraint fails (`ry-vue`.`accumulatedovertime`, CONSTRAINT `accumulatedovertime_ibfk_1` FOREIGN KEY (`employee_id`) REFERENCES `employees` (`employee_id`))\n; Cannot add or update a child row: a foreign key constraint fails (`ry-vue`.`accumulatedovertime`, CONSTRAINT `accumulatedovertime_ibfk_1` FOREIGN KEY (`employee_id`) REFERENCES `employees` (`employee_id`)); nested exception is java.sql.SQLIntegrityConstraintViolationException: Cannot add or update a child row: a foreign key constraint fails (`ry-vue`.`accumulatedovertime`, CONSTRAINT `accumulatedovertime_ibfk_1` FOREIGN KEY (`employee_id`) REFERENCES `employees` (`employee_id`))', '2024-05-27 21:56:06', 96);
INSERT INTO `sys_oper_log` (`oper_id`, `title`, `business_type`, `method`, `request_method`, `operator_type`, `oper_name`, `dept_name`, `oper_url`, `oper_ip`, `oper_location`, `oper_param`, `json_result`, `status`, `error_msg`, `oper_time`, `cost_time`) VALUES (149, '加班申请信息', 1, 'com.ruoyi.system.controller.OvertimeRequestsController.add()', 'POST', 1, 'admin', '研发部门', '/system/OvertimeRequests', '127.0.0.1', '内网IP', '{\"applyDate\":\"2024-05-27 21:55\",\"employeeId\":2,\"endTime\":\"2024-05-28 01:32\",\"params\":{},\"startTime\":\"2024-05-28 00:00\"}', NULL, 1, '\n### Error updating database.  Cause: java.sql.SQLIntegrityConstraintViolationException: Cannot add or update a child row: a foreign key constraint fails (`ry-vue`.`accumulatedovertime`, CONSTRAINT `accumulatedovertime_ibfk_1` FOREIGN KEY (`employee_id`) REFERENCES `employees` (`employee_id`))\n### The error may exist in file [/Users/yang/Documents/RuoYi-Vue-master/ruoyi-system/target/classes/mapper/system/AccumulatedOvertimeMapper.xml]\n### The error may involve com.ruoyi.system.mapper.AccumulatedOvertimeMapper.insertAccumulatedOvertime-Inline\n### The error occurred while setting parameters\n### SQL: insert into AccumulatedOvertime          ( employee_id,             total_overtime_hours )           values ( ?,             ? )\n### Cause: java.sql.SQLIntegrityConstraintViolationException: Cannot add or update a child row: a foreign key constraint fails (`ry-vue`.`accumulatedovertime`, CONSTRAINT `accumulatedovertime_ibfk_1` FOREIGN KEY (`employee_id`) REFERENCES `employees` (`employee_id`))\n; Cannot add or update a child row: a foreign key constraint fails (`ry-vue`.`accumulatedovertime`, CONSTRAINT `accumulatedovertime_ibfk_1` FOREIGN KEY (`employee_id`) REFERENCES `employees` (`employee_id`)); nested exception is java.sql.SQLIntegrityConstraintViolationException: Cannot add or update a child row: a foreign key constraint fails (`ry-vue`.`accumulatedovertime`, CONSTRAINT `accumulatedovertime_ibfk_1` FOREIGN KEY (`employee_id`) REFERENCES `employees` (`employee_id`))', '2024-05-27 22:02:33', 334186);
INSERT INTO `sys_oper_log` (`oper_id`, `title`, `business_type`, `method`, `request_method`, `operator_type`, `oper_name`, `dept_name`, `oper_url`, `oper_ip`, `oper_location`, `oper_param`, `json_result`, `status`, `error_msg`, `oper_time`, `cost_time`) VALUES (150, '加班申请信息', 1, 'com.ruoyi.system.controller.OvertimeRequestsController.add()', 'POST', 1, 'admin', '研发部门', '/system/OvertimeRequests', '127.0.0.1', '内网IP', '{\"applyDate\":\"2024-05-27 22:07\",\"employeeId\":2,\"endTime\":\"2024-05-28 02:02\",\"overtimeId\":7,\"params\":{},\"reason\":\"123\",\"startTime\":\"2024-05-28 00:00\"}', '{\"msg\":\"操作成功\",\"code\":200}', 0, NULL, '2024-05-27 22:08:12', 17453);
INSERT INTO `sys_oper_log` (`oper_id`, `title`, `business_type`, `method`, `request_method`, `operator_type`, `oper_name`, `dept_name`, `oper_url`, `oper_ip`, `oper_location`, `oper_param`, `json_result`, `status`, `error_msg`, `oper_time`, `cost_time`) VALUES (151, '加班申请信息', 1, 'com.ruoyi.system.controller.OvertimeRequestsController.add()', 'POST', 1, 'admin', '研发部门', '/system/OvertimeRequests', '127.0.0.1', '内网IP', '{\"applyDate\":\"2024-05-27 22:08\",\"employeeId\":2,\"endTime\":\"2024-05-29 05:02\",\"params\":{},\"reason\":\"123\",\"startTime\":\"2024-05-29 00:00\"}', NULL, 1, '\n### Error updating database.  Cause: java.sql.SQLIntegrityConstraintViolationException: Duplicate entry \'2\' for key \'accumulatedovertime.PRIMARY\'\n### The error may exist in file [/Users/yang/Documents/RuoYi-Vue-master/ruoyi-system/target/classes/mapper/system/AccumulatedOvertimeMapper.xml]\n### The error may involve com.ruoyi.system.mapper.AccumulatedOvertimeMapper.insertAccumulatedOvertime-Inline\n### The error occurred while setting parameters\n### SQL: insert into AccumulatedOvertime          ( employee_id,             total_overtime_hours )           values ( ?,             ? )\n### Cause: java.sql.SQLIntegrityConstraintViolationException: Duplicate entry \'2\' for key \'accumulatedovertime.PRIMARY\'\n; Duplicate entry \'2\' for key \'accumulatedovertime.PRIMARY\'; nested exception is java.sql.SQLIntegrityConstraintViolationException: Duplicate entry \'2\' for key \'accumulatedovertime.PRIMARY\'', '2024-05-27 22:08:55', 95);
INSERT INTO `sys_oper_log` (`oper_id`, `title`, `business_type`, `method`, `request_method`, `operator_type`, `oper_name`, `dept_name`, `oper_url`, `oper_ip`, `oper_location`, `oper_param`, `json_result`, `status`, `error_msg`, `oper_time`, `cost_time`) VALUES (152, '加班申请信息', 1, 'com.ruoyi.system.controller.OvertimeRequestsController.add()', 'POST', 1, 'admin', '研发部门', '/system/OvertimeRequests', '127.0.0.1', '内网IP', '{\"applyDate\":\"2024-05-27 22:10\",\"employeeId\":2,\"endTime\":\"2024-05-17 00:00\",\"params\":{},\"startTime\":\"2024-05-16 00:00\"}', NULL, 1, '\n### Error updating database.  Cause: java.sql.SQLIntegrityConstraintViolationException: Duplicate entry \'2\' for key \'accumulatedovertime.PRIMARY\'\n### The error may exist in file [/Users/yang/Documents/RuoYi-Vue-master/ruoyi-system/target/classes/mapper/system/AccumulatedOvertimeMapper.xml]\n### The error may involve com.ruoyi.system.mapper.AccumulatedOvertimeMapper.insertAccumulatedOvertime-Inline\n### The error occurred while setting parameters\n### SQL: insert into AccumulatedOvertime          ( employee_id,             total_overtime_hours )           values ( ?,             ? )\n### Cause: java.sql.SQLIntegrityConstraintViolationException: Duplicate entry \'2\' for key \'accumulatedovertime.PRIMARY\'\n; Duplicate entry \'2\' for key \'accumulatedovertime.PRIMARY\'; nested exception is java.sql.SQLIntegrityConstraintViolationException: Duplicate entry \'2\' for key \'accumulatedovertime.PRIMARY\'', '2024-05-27 22:10:56', 18);
INSERT INTO `sys_oper_log` (`oper_id`, `title`, `business_type`, `method`, `request_method`, `operator_type`, `oper_name`, `dept_name`, `oper_url`, `oper_ip`, `oper_location`, `oper_param`, `json_result`, `status`, `error_msg`, `oper_time`, `cost_time`) VALUES (153, '加班申请信息', 1, 'com.ruoyi.system.controller.OvertimeRequestsController.add()', 'POST', 1, 'admin', '研发部门', '/system/OvertimeRequests', '127.0.0.1', '内网IP', '{\"applyDate\":\"2024-05-15 00:00\",\"employeeId\":2,\"endTime\":\"2024-05-17 00:00\",\"params\":{},\"startTime\":\"2024-05-16 00:00\"}', NULL, 1, '\n### Error updating database.  Cause: java.sql.SQLIntegrityConstraintViolationException: Duplicate entry \'2\' for key \'accumulatedovertime.PRIMARY\'\n### The error may exist in file [/Users/yang/Documents/RuoYi-Vue-master/ruoyi-system/target/classes/mapper/system/AccumulatedOvertimeMapper.xml]\n### The error may involve com.ruoyi.system.mapper.AccumulatedOvertimeMapper.insertAccumulatedOvertime-Inline\n### The error occurred while setting parameters\n### SQL: insert into AccumulatedOvertime          ( employee_id,             total_overtime_hours )           values ( ?,             ? )\n### Cause: java.sql.SQLIntegrityConstraintViolationException: Duplicate entry \'2\' for key \'accumulatedovertime.PRIMARY\'\n; Duplicate entry \'2\' for key \'accumulatedovertime.PRIMARY\'; nested exception is java.sql.SQLIntegrityConstraintViolationException: Duplicate entry \'2\' for key \'accumulatedovertime.PRIMARY\'', '2024-05-27 22:14:07', 134943);
INSERT INTO `sys_oper_log` (`oper_id`, `title`, `business_type`, `method`, `request_method`, `operator_type`, `oper_name`, `dept_name`, `oper_url`, `oper_ip`, `oper_location`, `oper_param`, `json_result`, `status`, `error_msg`, `oper_time`, `cost_time`) VALUES (154, '加班申请信息', 1, 'com.ruoyi.system.controller.OvertimeRequestsController.add()', 'POST', 1, 'admin', '研发部门', '/system/OvertimeRequests', '127.0.0.1', '内网IP', '{\"applyDate\":\"2024-05-27 22:14\",\"employeeId\":2,\"endTime\":\"2024-05-24 00:00\",\"overtimeId\":8,\"params\":{},\"reason\":\"2+24\",\"startTime\":\"2024-05-23 00:00\"}', '{\"msg\":\"操作成功\",\"code\":200}', 0, NULL, '2024-05-27 22:15:00', 62);
INSERT INTO `sys_oper_log` (`oper_id`, `title`, `business_type`, `method`, `request_method`, `operator_type`, `oper_name`, `dept_name`, `oper_url`, `oper_ip`, `oper_location`, `oper_param`, `json_result`, `status`, `error_msg`, `oper_time`, `cost_time`) VALUES (155, '加班申请信息', 1, 'com.ruoyi.system.controller.OvertimeRequestsController.add()', 'POST', 1, 'admin', '研发部门', '/system/OvertimeRequests', '127.0.0.1', '内网IP', '{\"applyDate\":\"2024-05-27 22:29\",\"employeeId\":4671947,\"endTime\":\"2024-05-29 00:00\",\"overtimeId\":9,\"params\":{},\"reason\":\"724\",\"startTime\":\"2024-05-28 00:00\"}', '{\"msg\":\"操作成功\",\"code\":200}', 0, NULL, '2024-05-27 22:29:28', 20);
INSERT INTO `sys_oper_log` (`oper_id`, `title`, `business_type`, `method`, `request_method`, `operator_type`, `oper_name`, `dept_name`, `oper_url`, `oper_ip`, `oper_location`, `oper_param`, `json_result`, `status`, `error_msg`, `oper_time`, `cost_time`) VALUES (156, '加班申请信息', 1, 'com.ruoyi.system.controller.OvertimeRequestsController.add()', 'POST', 1, 'admin', '研发部门', '/system/OvertimeRequests', '127.0.0.1', '内网IP', '{\"applyDate\":\"2024-05-27 22:29\",\"employeeId\":4671947,\"endTime\":\"2024-05-31 00:00\",\"overtimeId\":10,\"params\":{},\"reason\":\"123\",\"startTime\":\"2024-05-30 00:00\"}', '{\"msg\":\"操作成功\",\"code\":200}', 0, NULL, '2024-05-27 22:29:53', 19);
INSERT INTO `sys_oper_log` (`oper_id`, `title`, `business_type`, `method`, `request_method`, `operator_type`, `oper_name`, `dept_name`, `oper_url`, `oper_ip`, `oper_location`, `oper_param`, `json_result`, `status`, `error_msg`, `oper_time`, `cost_time`) VALUES (157, '加班申请信息', 1, 'com.ruoyi.system.controller.OvertimeRequestsController.add()', 'POST', 1, 'admin', '研发部门', '/system/OvertimeRequests', '127.0.0.1', '内网IP', '{\"applyDate\":\"2024-05-27 22:31\",\"employeeId\":4671947,\"endTime\":\"2024-05-16 00:00\",\"overtimeId\":11,\"params\":{},\"startTime\":\"2024-05-14 00:00\"}', '{\"msg\":\"操作成功\",\"code\":200}', 0, NULL, '2024-05-27 22:32:04', 66);
INSERT INTO `sys_oper_log` (`oper_id`, `title`, `business_type`, `method`, `request_method`, `operator_type`, `oper_name`, `dept_name`, `oper_url`, `oper_ip`, `oper_location`, `oper_param`, `json_result`, `status`, `error_msg`, `oper_time`, `cost_time`) VALUES (158, '加班申请信息', 1, 'com.ruoyi.system.controller.OvertimeRequestsController.add()', 'POST', 1, 'admin', '研发部门', '/system/OvertimeRequests', '127.0.0.1', '内网IP', '{\"applyDate\":\"2024-05-27 22:32\",\"employeeId\":4671947,\"endTime\":\"2024-05-30 00:00\",\"overtimeId\":12,\"params\":{},\"startTime\":\"2024-05-29 00:00\"}', '{\"msg\":\"操作成功\",\"code\":200}', 0, NULL, '2024-05-27 22:33:45', 57462);
INSERT INTO `sys_oper_log` (`oper_id`, `title`, `business_type`, `method`, `request_method`, `operator_type`, `oper_name`, `dept_name`, `oper_url`, `oper_ip`, `oper_location`, `oper_param`, `json_result`, `status`, `error_msg`, `oper_time`, `cost_time`) VALUES (159, '加班申请信息', 1, 'com.ruoyi.system.controller.OvertimeRequestsController.add()', 'POST', 1, 'admin', '研发部门', '/system/OvertimeRequests', '127.0.0.1', '内网IP', '{\"applyDate\":\"2024-05-27 22:35\",\"employeeId\":4671947,\"endTime\":\"2024-05-23 00:00\",\"overtimeId\":13,\"params\":{},\"startTime\":\"2024-05-22 00:00\"}', '{\"msg\":\"操作成功\",\"code\":200}', 0, NULL, '2024-05-27 22:35:30', 98);
INSERT INTO `sys_oper_log` (`oper_id`, `title`, `business_type`, `method`, `request_method`, `operator_type`, `oper_name`, `dept_name`, `oper_url`, `oper_ip`, `oper_location`, `oper_param`, `json_result`, `status`, `error_msg`, `oper_time`, `cost_time`) VALUES (160, '加班申请信息', 1, 'com.ruoyi.system.controller.OvertimeRequestsController.add()', 'POST', 1, 'admin', '研发部门', '/system/OvertimeRequests', '127.0.0.1', '内网IP', '{\"applyDate\":\"2024-05-27 00:00\",\"employeeId\":4671947,\"endTime\":\"2024-05-30 08:55\",\"overtimeId\":14,\"params\":{},\"startTime\":\"2024-05-30 00:00\"}', '{\"msg\":\"操作成功\",\"code\":200}', 0, NULL, '2024-05-27 22:36:13', 19);
INSERT INTO `sys_oper_log` (`oper_id`, `title`, `business_type`, `method`, `request_method`, `operator_type`, `oper_name`, `dept_name`, `oper_url`, `oper_ip`, `oper_location`, `oper_param`, `json_result`, `status`, `error_msg`, `oper_time`, `cost_time`) VALUES (161, '加班申请信息', 1, 'com.ruoyi.system.controller.OvertimeRequestsController.add()', 'POST', 1, 'admin', '研发部门', '/system/OvertimeRequests', '127.0.0.1', '内网IP', '{\"applyDate\":\"2024-05-28 00:00\",\"employeeId\":4671947,\"endTime\":\"2024-05-29 03:47\",\"overtimeId\":15,\"params\":{},\"startTime\":\"2024-05-29 00:00\"}', '{\"msg\":\"操作成功\",\"code\":200}', 0, NULL, '2024-05-27 22:37:05', 19);
INSERT INTO `sys_oper_log` (`oper_id`, `title`, `business_type`, `method`, `request_method`, `operator_type`, `oper_name`, `dept_name`, `oper_url`, `oper_ip`, `oper_location`, `oper_param`, `json_result`, `status`, `error_msg`, `oper_time`, `cost_time`) VALUES (162, '加班申请信息', 1, 'com.ruoyi.system.controller.OvertimeRequestsController.add()', 'POST', 1, 'admin', '研发部门', '/system/OvertimeRequests', '127.0.0.1', '内网IP', '{\"applyDate\":\"2024-05-27 22:37\",\"employeeId\":4671947,\"endTime\":\"2024-05-22 16:49\",\"overtimeId\":16,\"params\":{},\"startTime\":\"2024-05-22 00:00\"}', '{\"msg\":\"操作成功\",\"code\":200}', 0, NULL, '2024-05-27 22:38:58', 65141);
INSERT INTO `sys_oper_log` (`oper_id`, `title`, `business_type`, `method`, `request_method`, `operator_type`, `oper_name`, `dept_name`, `oper_url`, `oper_ip`, `oper_location`, `oper_param`, `json_result`, `status`, `error_msg`, `oper_time`, `cost_time`) VALUES (163, '用户管理', 2, 'com.ruoyi.web.controller.system.SysUserController.edit()', 'PUT', 1, 'admin', '研发部门', '/system/user', '127.0.0.1', '内网IP', '{\"admin\":false,\"avatar\":\"\",\"createBy\":\"\",\"delFlag\":\"0\",\"dept\":{\"ancestors\":\"0,100,101\",\"children\":[],\"deptId\":105,\"deptName\":\"测试部门\",\"leader\":\"若依\",\"orderNum\":3,\"params\":{},\"parentId\":101,\"status\":\"0\"},\"deptId\":105,\"email\":\"\",\"loginIp\":\"\",\"nickName\":\"yj\",\"params\":{},\"phonenumber\":\"\",\"postIds\":[],\"roleIds\":[2],\"roles\":[],\"sex\":\"0\",\"status\":\"0\",\"updateBy\":\"admin\",\"userId\":4671947,\"userName\":\"yj\"}', '{\"msg\":\"操作成功\",\"code\":200}', 0, NULL, '2024-05-27 22:40:29', 25);
INSERT INTO `sys_oper_log` (`oper_id`, `title`, `business_type`, `method`, `request_method`, `operator_type`, `oper_name`, `dept_name`, `oper_url`, `oper_ip`, `oper_location`, `oper_param`, `json_result`, `status`, `error_msg`, `oper_time`, `cost_time`) VALUES (164, '用户管理', 2, 'com.ruoyi.web.controller.system.SysUserController.resetPwd()', 'PUT', 1, 'admin', '研发部门', '/system/user/resetPwd', '127.0.0.1', '内网IP', '{\"admin\":false,\"params\":{},\"updateBy\":\"admin\",\"userId\":4671947}', '{\"msg\":\"操作成功\",\"code\":200}', 0, NULL, '2024-05-27 22:41:23', 118);
INSERT INTO `sys_oper_log` (`oper_id`, `title`, `business_type`, `method`, `request_method`, `operator_type`, `oper_name`, `dept_name`, `oper_url`, `oper_ip`, `oper_location`, `oper_param`, `json_result`, `status`, `error_msg`, `oper_time`, `cost_time`) VALUES (165, '用户管理', 2, 'com.ruoyi.web.controller.system.SysUserController.edit()', 'PUT', 1, 'admin', '研发部门', '/system/user', '127.0.0.1', '内网IP', '{\"admin\":false,\"avatar\":\"\",\"createBy\":\"\",\"delFlag\":\"0\",\"dept\":{\"ancestors\":\"0,100,101\",\"children\":[],\"deptId\":105,\"deptName\":\"测试部门\",\"leader\":\"若依\",\"orderNum\":3,\"params\":{},\"parentId\":101,\"status\":\"0\"},\"deptId\":105,\"email\":\"\",\"loginDate\":\"2024-05-27 23:50:27\",\"loginIp\":\"127.0.0.1\",\"nickName\":\"yj\",\"params\":{},\"phonenumber\":\"\",\"postIds\":[],\"roleIds\":[2],\"roles\":[{\"admin\":false,\"dataScope\":\"2\",\"deptCheckStrictly\":false,\"flag\":false,\"menuCheckStrictly\":false,\"params\":{},\"roleId\":2,\"roleKey\":\"common\",\"roleName\":\"普通角色\",\"roleSort\":2,\"status\":\"0\"}],\"sex\":\"0\",\"status\":\"0\",\"updateBy\":\"admin\",\"userId\":4671947,\"userName\":\"yj\"}', '{\"msg\":\"操作成功\",\"code\":200}', 0, NULL, '2024-05-27 23:51:04', 33);
INSERT INTO `sys_oper_log` (`oper_id`, `title`, `business_type`, `method`, `request_method`, `operator_type`, `oper_name`, `dept_name`, `oper_url`, `oper_ip`, `oper_location`, `oper_param`, `json_result`, `status`, `error_msg`, `oper_time`, `cost_time`) VALUES (166, '菜单管理', 3, 'com.ruoyi.web.controller.system.SysMenuController.remove()', 'DELETE', 1, 'admin', '研发部门', '/system/menu/2015', '127.0.0.1', '内网IP', '{}', '{\"msg\":\"操作成功\",\"code\":200}', 0, NULL, '2024-05-27 23:51:17', 12);
INSERT INTO `sys_oper_log` (`oper_id`, `title`, `business_type`, `method`, `request_method`, `operator_type`, `oper_name`, `dept_name`, `oper_url`, `oper_ip`, `oper_location`, `oper_param`, `json_result`, `status`, `error_msg`, `oper_time`, `cost_time`) VALUES (167, '角色管理', 2, 'com.ruoyi.web.controller.system.SysRoleController.edit()', 'PUT', 1, 'admin', '研发部门', '/system/role', '127.0.0.1', '内网IP', '{\"admin\":false,\"createTime\":\"2024-05-26 23:24:14\",\"dataScope\":\"2\",\"delFlag\":\"0\",\"deptCheckStrictly\":true,\"flag\":false,\"menuCheckStrictly\":true,\"menuIds\":[3,1,100,1000,1001,1002,1003,1004,1005,1006,101,1007,1008,1009,1010,1011,102,1012,1013,1014,1015,103,1016,1017,1018,1019,104,1020,1021,1022,1023,1024,105,1025,1026,1027,1028,1029,106,1030,1031,1032,1033,1034,107,1035,1036,1037,1038,108,500,1039,1040,1041,501,1042,1043,1044,1045,2,109,1046,1047,1048,110,1049,1050,1051,1052,1053,1054,111,112,113,114,115,2003,2004,2005,2006,2007,2008,2021,2022,2023,2024,2025,2026,116,1055,1056,1057,1058,1059,1060,117],\"params\":{},\"remark\":\"普通角色\",\"roleId\":2,\"roleKey\":\"common\",\"roleName\":\"普通角色\",\"roleSort\":2,\"status\":\"0\",\"updateBy\":\"admin\"}', '{\"msg\":\"操作成功\",\"code\":200}', 0, NULL, '2024-05-27 23:51:33', 35);
INSERT INTO `sys_oper_log` (`oper_id`, `title`, `business_type`, `method`, `request_method`, `operator_type`, `oper_name`, `dept_name`, `oper_url`, `oper_ip`, `oper_location`, `oper_param`, `json_result`, `status`, `error_msg`, `oper_time`, `cost_time`) VALUES (168, '加班申请信息', 1, 'com.ruoyi.system.controller.OvertimeRequestsController.add()', 'POST', 1, 'yj', '测试部门', '/system/OvertimeRequests', '127.0.0.1', '内网IP', '{\"applyDate\":\"2024-05-28 00:20\",\"employeeId\":4671947,\"endTime\":\"2024-05-29 11:12\",\"overtimeId\":17,\"params\":{},\"startTime\":\"2024-05-29 00:00\"}', '{\"msg\":\"操作成功\",\"code\":200}', 0, NULL, '2024-05-28 00:20:41', 62);
INSERT INTO `sys_oper_log` (`oper_id`, `title`, `business_type`, `method`, `request_method`, `operator_type`, `oper_name`, `dept_name`, `oper_url`, `oper_ip`, `oper_location`, `oper_param`, `json_result`, `status`, `error_msg`, `oper_time`, `cost_time`) VALUES (169, '加班申请信息', 1, 'com.ruoyi.system.controller.OvertimeRequestsController.add()', 'POST', 1, 'yj', '测试部门', '/system/OvertimeRequests', '127.0.0.1', '内网IP', '{\"applyDate\":\"2024-05-28 00:20\",\"employeeId\":4671947,\"endTime\":\"2024-05-30 09:26\",\"overtimeId\":18,\"params\":{},\"startTime\":\"2024-05-30 08:00\"}', '{\"msg\":\"操作成功\",\"code\":200}', 0, NULL, '2024-05-28 00:21:17', 17);
INSERT INTO `sys_oper_log` (`oper_id`, `title`, `business_type`, `method`, `request_method`, `operator_type`, `oper_name`, `dept_name`, `oper_url`, `oper_ip`, `oper_location`, `oper_param`, `json_result`, `status`, `error_msg`, `oper_time`, `cost_time`) VALUES (170, '加班申请信息', 1, 'com.ruoyi.system.controller.OvertimeRequestsController.add()', 'POST', 1, 'yj', '测试部门', '/system/OvertimeRequests', '127.0.0.1', '内网IP', '{\"applyDate\":\"2024-05-28 00:22\",\"employeeId\":4671947,\"endTime\":\"2024-05-29 03:56\",\"overtimeId\":19,\"params\":{},\"startTime\":\"2024-05-29 00:00\"}', '{\"msg\":\"操作成功\",\"code\":200}', 0, NULL, '2024-05-28 00:22:25', 19);
INSERT INTO `sys_oper_log` (`oper_id`, `title`, `business_type`, `method`, `request_method`, `operator_type`, `oper_name`, `dept_name`, `oper_url`, `oper_ip`, `oper_location`, `oper_param`, `json_result`, `status`, `error_msg`, `oper_time`, `cost_time`) VALUES (171, '加班申请信息', 1, 'com.ruoyi.system.controller.OvertimeRequestsController.add()', 'POST', 1, 'yj', '测试部门', '/system/OvertimeRequests', '127.0.0.1', '内网IP', '{\"applyDate\":\"2024-05-09\",\"employeeId\":4671947,\"endTime\":\"2024-05-29 00:00\",\"overtimeId\":20,\"params\":{},\"startTime\":\"2024-05-28 00:00\"}', '{\"msg\":\"操作成功\",\"code\":200}', 0, NULL, '2024-05-28 00:40:35', 54);
COMMIT;

-- ----------------------------
-- Table structure for sys_post
-- ----------------------------
DROP TABLE IF EXISTS `sys_post`;
CREATE TABLE `sys_post` (
  `post_id` bigint NOT NULL AUTO_INCREMENT COMMENT '岗位ID',
  `post_code` varchar(64) COLLATE utf8mb4_unicode_ci NOT NULL COMMENT '岗位编码',
  `post_name` varchar(50) COLLATE utf8mb4_unicode_ci NOT NULL COMMENT '岗位名称',
  `post_sort` int NOT NULL COMMENT '显示顺序',
  `status` char(1) COLLATE utf8mb4_unicode_ci NOT NULL COMMENT '状态（0正常 1停用）',
  `create_by` varchar(64) COLLATE utf8mb4_unicode_ci DEFAULT '' COMMENT '创建者',
  `create_time` datetime DEFAULT NULL COMMENT '创建时间',
  `update_by` varchar(64) COLLATE utf8mb4_unicode_ci DEFAULT '' COMMENT '更新者',
  `update_time` datetime DEFAULT NULL COMMENT '更新时间',
  `remark` varchar(500) COLLATE utf8mb4_unicode_ci DEFAULT NULL COMMENT '备注',
  PRIMARY KEY (`post_id`)
) ENGINE=InnoDB AUTO_INCREMENT=5 DEFAULT CHARSET=utf8mb4 COLLATE=utf8mb4_unicode_ci COMMENT='岗位信息表';

-- ----------------------------
-- Records of sys_post
-- ----------------------------
BEGIN;
INSERT INTO `sys_post` (`post_id`, `post_code`, `post_name`, `post_sort`, `status`, `create_by`, `create_time`, `update_by`, `update_time`, `remark`) VALUES (1, 'ceo', '董事长', 1, '0', 'admin', '2024-05-26 23:24:14', '', NULL, '');
INSERT INTO `sys_post` (`post_id`, `post_code`, `post_name`, `post_sort`, `status`, `create_by`, `create_time`, `update_by`, `update_time`, `remark`) VALUES (2, 'se', '项目经理', 2, '0', 'admin', '2024-05-26 23:24:14', '', NULL, '');
INSERT INTO `sys_post` (`post_id`, `post_code`, `post_name`, `post_sort`, `status`, `create_by`, `create_time`, `update_by`, `update_time`, `remark`) VALUES (3, 'hr', '人力资源', 3, '0', 'admin', '2024-05-26 23:24:14', '', NULL, '');
INSERT INTO `sys_post` (`post_id`, `post_code`, `post_name`, `post_sort`, `status`, `create_by`, `create_time`, `update_by`, `update_time`, `remark`) VALUES (4, 'user', '普通员工', 4, '0', 'admin', '2024-05-26 23:24:14', '', NULL, '');
COMMIT;

-- ----------------------------
-- Table structure for sys_role
-- ----------------------------
DROP TABLE IF EXISTS `sys_role`;
CREATE TABLE `sys_role` (
  `role_id` bigint NOT NULL AUTO_INCREMENT COMMENT '角色ID',
  `role_name` varchar(30) COLLATE utf8mb4_unicode_ci NOT NULL COMMENT '角色名称',
  `role_key` varchar(100) COLLATE utf8mb4_unicode_ci NOT NULL COMMENT '角色权限字符串',
  `role_sort` int NOT NULL COMMENT '显示顺序',
  `data_scope` char(1) COLLATE utf8mb4_unicode_ci DEFAULT '1' COMMENT '数据范围（1：全部数据权限 2：自定数据权限 3：本部门数据权限 4：本部门及以下数据权限）',
  `menu_check_strictly` tinyint(1) DEFAULT '1' COMMENT '菜单树选择项是否关联显示',
  `dept_check_strictly` tinyint(1) DEFAULT '1' COMMENT '部门树选择项是否关联显示',
  `status` char(1) COLLATE utf8mb4_unicode_ci NOT NULL COMMENT '角色状态（0正常 1停用）',
  `del_flag` char(1) COLLATE utf8mb4_unicode_ci DEFAULT '0' COMMENT '删除标志（0代表存在 2代表删除）',
  `create_by` varchar(64) COLLATE utf8mb4_unicode_ci DEFAULT '' COMMENT '创建者',
  `create_time` datetime DEFAULT NULL COMMENT '创建时间',
  `update_by` varchar(64) COLLATE utf8mb4_unicode_ci DEFAULT '' COMMENT '更新者',
  `update_time` datetime DEFAULT NULL COMMENT '更新时间',
  `remark` varchar(500) COLLATE utf8mb4_unicode_ci DEFAULT NULL COMMENT '备注',
  PRIMARY KEY (`role_id`)
) ENGINE=InnoDB AUTO_INCREMENT=100 DEFAULT CHARSET=utf8mb4 COLLATE=utf8mb4_unicode_ci COMMENT='角色信息表';

-- ----------------------------
-- Records of sys_role
-- ----------------------------
BEGIN;
INSERT INTO `sys_role` (`role_id`, `role_name`, `role_key`, `role_sort`, `data_scope`, `menu_check_strictly`, `dept_check_strictly`, `status`, `del_flag`, `create_by`, `create_time`, `update_by`, `update_time`, `remark`) VALUES (1, '超级管理员', 'admin', 1, '1', 1, 1, '0', '0', 'admin', '2024-05-26 23:24:14', '', NULL, '超级管理员');
INSERT INTO `sys_role` (`role_id`, `role_name`, `role_key`, `role_sort`, `data_scope`, `menu_check_strictly`, `dept_check_strictly`, `status`, `del_flag`, `create_by`, `create_time`, `update_by`, `update_time`, `remark`) VALUES (2, '普通角色', 'common', 2, '2', 1, 1, '0', '0', 'admin', '2024-05-26 23:24:14', 'admin', '2024-05-27 23:51:33', '普通角色');
COMMIT;

-- ----------------------------
-- Table structure for sys_role_dept
-- ----------------------------
DROP TABLE IF EXISTS `sys_role_dept`;
CREATE TABLE `sys_role_dept` (
  `role_id` bigint NOT NULL COMMENT '角色ID',
  `dept_id` bigint NOT NULL COMMENT '部门ID',
  PRIMARY KEY (`role_id`,`dept_id`)
) ENGINE=InnoDB DEFAULT CHARSET=utf8mb4 COLLATE=utf8mb4_unicode_ci COMMENT='角色和部门关联表';

-- ----------------------------
-- Records of sys_role_dept
-- ----------------------------
BEGIN;
INSERT INTO `sys_role_dept` (`role_id`, `dept_id`) VALUES (2, 100);
INSERT INTO `sys_role_dept` (`role_id`, `dept_id`) VALUES (2, 101);
INSERT INTO `sys_role_dept` (`role_id`, `dept_id`) VALUES (2, 105);
COMMIT;

-- ----------------------------
-- Table structure for sys_role_menu
-- ----------------------------
DROP TABLE IF EXISTS `sys_role_menu`;
CREATE TABLE `sys_role_menu` (
  `role_id` bigint NOT NULL COMMENT '角色ID',
  `menu_id` bigint NOT NULL COMMENT '菜单ID',
  PRIMARY KEY (`role_id`,`menu_id`)
) ENGINE=InnoDB DEFAULT CHARSET=utf8mb4 COLLATE=utf8mb4_unicode_ci COMMENT='角色和菜单关联表';

-- ----------------------------
-- Records of sys_role_menu
-- ----------------------------
BEGIN;
INSERT INTO `sys_role_menu` (`role_id`, `menu_id`) VALUES (2, 1);
INSERT INTO `sys_role_menu` (`role_id`, `menu_id`) VALUES (2, 2);
INSERT INTO `sys_role_menu` (`role_id`, `menu_id`) VALUES (2, 3);
INSERT INTO `sys_role_menu` (`role_id`, `menu_id`) VALUES (2, 100);
INSERT INTO `sys_role_menu` (`role_id`, `menu_id`) VALUES (2, 101);
INSERT INTO `sys_role_menu` (`role_id`, `menu_id`) VALUES (2, 102);
INSERT INTO `sys_role_menu` (`role_id`, `menu_id`) VALUES (2, 103);
INSERT INTO `sys_role_menu` (`role_id`, `menu_id`) VALUES (2, 104);
INSERT INTO `sys_role_menu` (`role_id`, `menu_id`) VALUES (2, 105);
INSERT INTO `sys_role_menu` (`role_id`, `menu_id`) VALUES (2, 106);
INSERT INTO `sys_role_menu` (`role_id`, `menu_id`) VALUES (2, 107);
INSERT INTO `sys_role_menu` (`role_id`, `menu_id`) VALUES (2, 108);
INSERT INTO `sys_role_menu` (`role_id`, `menu_id`) VALUES (2, 109);
INSERT INTO `sys_role_menu` (`role_id`, `menu_id`) VALUES (2, 110);
INSERT INTO `sys_role_menu` (`role_id`, `menu_id`) VALUES (2, 111);
INSERT INTO `sys_role_menu` (`role_id`, `menu_id`) VALUES (2, 112);
INSERT INTO `sys_role_menu` (`role_id`, `menu_id`) VALUES (2, 113);
INSERT INTO `sys_role_menu` (`role_id`, `menu_id`) VALUES (2, 114);
INSERT INTO `sys_role_menu` (`role_id`, `menu_id`) VALUES (2, 115);
INSERT INTO `sys_role_menu` (`role_id`, `menu_id`) VALUES (2, 116);
INSERT INTO `sys_role_menu` (`role_id`, `menu_id`) VALUES (2, 117);
INSERT INTO `sys_role_menu` (`role_id`, `menu_id`) VALUES (2, 500);
INSERT INTO `sys_role_menu` (`role_id`, `menu_id`) VALUES (2, 501);
INSERT INTO `sys_role_menu` (`role_id`, `menu_id`) VALUES (2, 1000);
INSERT INTO `sys_role_menu` (`role_id`, `menu_id`) VALUES (2, 1001);
INSERT INTO `sys_role_menu` (`role_id`, `menu_id`) VALUES (2, 1002);
INSERT INTO `sys_role_menu` (`role_id`, `menu_id`) VALUES (2, 1003);
INSERT INTO `sys_role_menu` (`role_id`, `menu_id`) VALUES (2, 1004);
INSERT INTO `sys_role_menu` (`role_id`, `menu_id`) VALUES (2, 1005);
INSERT INTO `sys_role_menu` (`role_id`, `menu_id`) VALUES (2, 1006);
INSERT INTO `sys_role_menu` (`role_id`, `menu_id`) VALUES (2, 1007);
INSERT INTO `sys_role_menu` (`role_id`, `menu_id`) VALUES (2, 1008);
INSERT INTO `sys_role_menu` (`role_id`, `menu_id`) VALUES (2, 1009);
INSERT INTO `sys_role_menu` (`role_id`, `menu_id`) VALUES (2, 1010);
INSERT INTO `sys_role_menu` (`role_id`, `menu_id`) VALUES (2, 1011);
INSERT INTO `sys_role_menu` (`role_id`, `menu_id`) VALUES (2, 1012);
INSERT INTO `sys_role_menu` (`role_id`, `menu_id`) VALUES (2, 1013);
INSERT INTO `sys_role_menu` (`role_id`, `menu_id`) VALUES (2, 1014);
INSERT INTO `sys_role_menu` (`role_id`, `menu_id`) VALUES (2, 1015);
INSERT INTO `sys_role_menu` (`role_id`, `menu_id`) VALUES (2, 1016);
INSERT INTO `sys_role_menu` (`role_id`, `menu_id`) VALUES (2, 1017);
INSERT INTO `sys_role_menu` (`role_id`, `menu_id`) VALUES (2, 1018);
INSERT INTO `sys_role_menu` (`role_id`, `menu_id`) VALUES (2, 1019);
INSERT INTO `sys_role_menu` (`role_id`, `menu_id`) VALUES (2, 1020);
INSERT INTO `sys_role_menu` (`role_id`, `menu_id`) VALUES (2, 1021);
INSERT INTO `sys_role_menu` (`role_id`, `menu_id`) VALUES (2, 1022);
INSERT INTO `sys_role_menu` (`role_id`, `menu_id`) VALUES (2, 1023);
INSERT INTO `sys_role_menu` (`role_id`, `menu_id`) VALUES (2, 1024);
INSERT INTO `sys_role_menu` (`role_id`, `menu_id`) VALUES (2, 1025);
INSERT INTO `sys_role_menu` (`role_id`, `menu_id`) VALUES (2, 1026);
INSERT INTO `sys_role_menu` (`role_id`, `menu_id`) VALUES (2, 1027);
INSERT INTO `sys_role_menu` (`role_id`, `menu_id`) VALUES (2, 1028);
INSERT INTO `sys_role_menu` (`role_id`, `menu_id`) VALUES (2, 1029);
INSERT INTO `sys_role_menu` (`role_id`, `menu_id`) VALUES (2, 1030);
INSERT INTO `sys_role_menu` (`role_id`, `menu_id`) VALUES (2, 1031);
INSERT INTO `sys_role_menu` (`role_id`, `menu_id`) VALUES (2, 1032);
INSERT INTO `sys_role_menu` (`role_id`, `menu_id`) VALUES (2, 1033);
INSERT INTO `sys_role_menu` (`role_id`, `menu_id`) VALUES (2, 1034);
INSERT INTO `sys_role_menu` (`role_id`, `menu_id`) VALUES (2, 1035);
INSERT INTO `sys_role_menu` (`role_id`, `menu_id`) VALUES (2, 1036);
INSERT INTO `sys_role_menu` (`role_id`, `menu_id`) VALUES (2, 1037);
INSERT INTO `sys_role_menu` (`role_id`, `menu_id`) VALUES (2, 1038);
INSERT INTO `sys_role_menu` (`role_id`, `menu_id`) VALUES (2, 1039);
INSERT INTO `sys_role_menu` (`role_id`, `menu_id`) VALUES (2, 1040);
INSERT INTO `sys_role_menu` (`role_id`, `menu_id`) VALUES (2, 1041);
INSERT INTO `sys_role_menu` (`role_id`, `menu_id`) VALUES (2, 1042);
INSERT INTO `sys_role_menu` (`role_id`, `menu_id`) VALUES (2, 1043);
INSERT INTO `sys_role_menu` (`role_id`, `menu_id`) VALUES (2, 1044);
INSERT INTO `sys_role_menu` (`role_id`, `menu_id`) VALUES (2, 1045);
INSERT INTO `sys_role_menu` (`role_id`, `menu_id`) VALUES (2, 1046);
INSERT INTO `sys_role_menu` (`role_id`, `menu_id`) VALUES (2, 1047);
INSERT INTO `sys_role_menu` (`role_id`, `menu_id`) VALUES (2, 1048);
INSERT INTO `sys_role_menu` (`role_id`, `menu_id`) VALUES (2, 1049);
INSERT INTO `sys_role_menu` (`role_id`, `menu_id`) VALUES (2, 1050);
INSERT INTO `sys_role_menu` (`role_id`, `menu_id`) VALUES (2, 1051);
INSERT INTO `sys_role_menu` (`role_id`, `menu_id`) VALUES (2, 1052);
INSERT INTO `sys_role_menu` (`role_id`, `menu_id`) VALUES (2, 1053);
INSERT INTO `sys_role_menu` (`role_id`, `menu_id`) VALUES (2, 1054);
INSERT INTO `sys_role_menu` (`role_id`, `menu_id`) VALUES (2, 1055);
INSERT INTO `sys_role_menu` (`role_id`, `menu_id`) VALUES (2, 1056);
INSERT INTO `sys_role_menu` (`role_id`, `menu_id`) VALUES (2, 1057);
INSERT INTO `sys_role_menu` (`role_id`, `menu_id`) VALUES (2, 1058);
INSERT INTO `sys_role_menu` (`role_id`, `menu_id`) VALUES (2, 1059);
INSERT INTO `sys_role_menu` (`role_id`, `menu_id`) VALUES (2, 1060);
INSERT INTO `sys_role_menu` (`role_id`, `menu_id`) VALUES (2, 2003);
INSERT INTO `sys_role_menu` (`role_id`, `menu_id`) VALUES (2, 2004);
INSERT INTO `sys_role_menu` (`role_id`, `menu_id`) VALUES (2, 2005);
INSERT INTO `sys_role_menu` (`role_id`, `menu_id`) VALUES (2, 2006);
INSERT INTO `sys_role_menu` (`role_id`, `menu_id`) VALUES (2, 2007);
INSERT INTO `sys_role_menu` (`role_id`, `menu_id`) VALUES (2, 2008);
INSERT INTO `sys_role_menu` (`role_id`, `menu_id`) VALUES (2, 2021);
INSERT INTO `sys_role_menu` (`role_id`, `menu_id`) VALUES (2, 2022);
INSERT INTO `sys_role_menu` (`role_id`, `menu_id`) VALUES (2, 2023);
INSERT INTO `sys_role_menu` (`role_id`, `menu_id`) VALUES (2, 2024);
INSERT INTO `sys_role_menu` (`role_id`, `menu_id`) VALUES (2, 2025);
INSERT INTO `sys_role_menu` (`role_id`, `menu_id`) VALUES (2, 2026);
COMMIT;

-- ----------------------------
-- Table structure for sys_user
-- ----------------------------
DROP TABLE IF EXISTS `sys_user`;
CREATE TABLE `sys_user` (
  `user_id` bigint NOT NULL AUTO_INCREMENT COMMENT '用户ID',
  `dept_id` bigint DEFAULT NULL COMMENT '部门ID',
  `user_name` varchar(30) COLLATE utf8mb4_unicode_ci NOT NULL COMMENT '用户账号',
  `nick_name` varchar(30) COLLATE utf8mb4_unicode_ci NOT NULL COMMENT '用户昵称',
  `user_type` varchar(2) COLLATE utf8mb4_unicode_ci DEFAULT '00' COMMENT '用户类型（00系统用户）',
  `email` varchar(50) COLLATE utf8mb4_unicode_ci DEFAULT '' COMMENT '用户邮箱',
  `phonenumber` varchar(11) COLLATE utf8mb4_unicode_ci DEFAULT '' COMMENT '手机号码',
  `sex` char(1) COLLATE utf8mb4_unicode_ci DEFAULT '0' COMMENT '用户性别（0男 1女 2未知）',
  `avatar` varchar(100) COLLATE utf8mb4_unicode_ci DEFAULT '' COMMENT '头像地址',
  `password` varchar(100) COLLATE utf8mb4_unicode_ci DEFAULT '' COMMENT '密码',
  `status` char(1) COLLATE utf8mb4_unicode_ci DEFAULT '0' COMMENT '帐号状态（0正常 1停用）',
  `del_flag` char(1) COLLATE utf8mb4_unicode_ci DEFAULT '0' COMMENT '删除标志（0代表存在 2代表删除）',
  `login_ip` varchar(128) COLLATE utf8mb4_unicode_ci DEFAULT '' COMMENT '最后登录IP',
  `login_date` datetime DEFAULT NULL COMMENT '最后登录时间',
  `create_by` varchar(64) COLLATE utf8mb4_unicode_ci DEFAULT '' COMMENT '创建者',
  `create_time` datetime DEFAULT NULL COMMENT '创建时间',
  `update_by` varchar(64) COLLATE utf8mb4_unicode_ci DEFAULT '' COMMENT '更新者',
  `update_time` datetime DEFAULT NULL COMMENT '更新时间',
  `remark` varchar(500) COLLATE utf8mb4_unicode_ci DEFAULT NULL COMMENT '备注',
  PRIMARY KEY (`user_id`)
) ENGINE=InnoDB AUTO_INCREMENT=4671948 DEFAULT CHARSET=utf8mb4 COLLATE=utf8mb4_unicode_ci COMMENT='用户信息表';

-- ----------------------------
-- Records of sys_user
-- ----------------------------
BEGIN;
INSERT INTO `sys_user` (`user_id`, `dept_id`, `user_name`, `nick_name`, `user_type`, `email`, `phonenumber`, `sex`, `avatar`, `password`, `status`, `del_flag`, `login_ip`, `login_date`, `create_by`, `create_time`, `update_by`, `update_time`, `remark`) VALUES (1, 103, 'admin', '若依', '00', 'ry@163.com', '15888888888', '1', '', '$2a$10$7JB720yubVSZvUI0rEqK/.VqGOZTH.ulu33dHOiBE8ByOhJIrdAu2', '0', '0', '127.0.0.1', '2024-05-27 23:50:43', 'admin', '2024-05-26 23:24:14', '', '2024-05-27 23:50:42', '管理员');
INSERT INTO `sys_user` (`user_id`, `dept_id`, `user_name`, `nick_name`, `user_type`, `email`, `phonenumber`, `sex`, `avatar`, `password`, `status`, `del_flag`, `login_ip`, `login_date`, `create_by`, `create_time`, `update_by`, `update_time`, `remark`) VALUES (2, 105, 'ry', '若依', '00', 'ry@qq.com', '15666666666', '1', '', '$2a$10$7JB720yubVSZvUI0rEqK/.VqGOZTH.ulu33dHOiBE8ByOhJIrdAu2', '0', '0', '127.0.0.1', '2024-05-26 23:24:14', 'admin', '2024-05-26 23:24:14', '', NULL, '测试员');
INSERT INTO `sys_user` (`user_id`, `dept_id`, `user_name`, `nick_name`, `user_type`, `email`, `phonenumber`, `sex`, `avatar`, `password`, `status`, `del_flag`, `login_ip`, `login_date`, `create_by`, `create_time`, `update_by`, `update_time`, `remark`) VALUES (4671947, 105, 'yj', 'yj', '00', '', '', '0', '', '$2a$10$IK8GFXDzG5GQvbyfD5rsx.t5gqSEH/NvcCvOG9HnbIOYstC7osYGK', '0', '0', '127.0.0.1', '2024-05-27 23:51:51', '', NULL, 'admin', '2024-05-27 23:51:51', NULL);
COMMIT;

-- ----------------------------
-- Table structure for sys_user_copy1
-- ----------------------------
DROP TABLE IF EXISTS `sys_user_copy1`;
CREATE TABLE `sys_user_copy1` (
  `user_id` bigint NOT NULL AUTO_INCREMENT COMMENT '用户ID',
  `dept_id` bigint DEFAULT NULL COMMENT '部门ID',
  `user_name` varchar(30) CHARACTER SET utf8mb4 COLLATE utf8mb4_unicode_ci NOT NULL COMMENT '用户账号',
  `nick_name` varchar(30) CHARACTER SET utf8mb4 COLLATE utf8mb4_unicode_ci NOT NULL COMMENT '用户昵称',
  `user_type` varchar(2) CHARACTER SET utf8mb4 COLLATE utf8mb4_unicode_ci DEFAULT '00' COMMENT '用户类型（00系统用户）',
  `email` varchar(50) CHARACTER SET utf8mb4 COLLATE utf8mb4_unicode_ci DEFAULT '' COMMENT '用户邮箱',
  `phonenumber` varchar(11) CHARACTER SET utf8mb4 COLLATE utf8mb4_unicode_ci DEFAULT '' COMMENT '手机号码',
  `sex` char(1) CHARACTER SET utf8mb4 COLLATE utf8mb4_unicode_ci DEFAULT '0' COMMENT '用户性别（0男 1女 2未知）',
  `avatar` varchar(100) CHARACTER SET utf8mb4 COLLATE utf8mb4_unicode_ci DEFAULT '' COMMENT '头像地址',
  `password` varchar(100) CHARACTER SET utf8mb4 COLLATE utf8mb4_unicode_ci DEFAULT '' COMMENT '密码',
  `status` char(1) CHARACTER SET utf8mb4 COLLATE utf8mb4_unicode_ci DEFAULT '0' COMMENT '帐号状态（0正常 1停用）',
  `del_flag` char(1) CHARACTER SET utf8mb4 COLLATE utf8mb4_unicode_ci DEFAULT '0' COMMENT '删除标志（0代表存在 2代表删除）',
  `login_ip` varchar(128) CHARACTER SET utf8mb4 COLLATE utf8mb4_unicode_ci DEFAULT '' COMMENT '最后登录IP',
  `login_date` datetime DEFAULT NULL COMMENT '最后登录时间',
  `create_by` varchar(64) CHARACTER SET utf8mb4 COLLATE utf8mb4_unicode_ci DEFAULT '' COMMENT '创建者',
  `create_time` datetime DEFAULT NULL COMMENT '创建时间',
  `update_by` varchar(64) CHARACTER SET utf8mb4 COLLATE utf8mb4_unicode_ci DEFAULT '' COMMENT '更新者',
  `update_time` datetime DEFAULT NULL COMMENT '更新时间',
  `remark` varchar(500) CHARACTER SET utf8mb4 COLLATE utf8mb4_unicode_ci DEFAULT NULL COMMENT '备注',
  PRIMARY KEY (`user_id`)
) ENGINE=InnoDB AUTO_INCREMENT=100 DEFAULT CHARSET=utf8mb4 COLLATE=utf8mb4_unicode_ci COMMENT='用户信息表';

-- ----------------------------
-- Records of sys_user_copy1
-- ----------------------------
BEGIN;
COMMIT;

-- ----------------------------
-- Table structure for sys_user_copy2
-- ----------------------------
DROP TABLE IF EXISTS `sys_user_copy2`;
CREATE TABLE `sys_user_copy2` (
  `user_id` bigint NOT NULL AUTO_INCREMENT COMMENT '用户ID',
  `dept_id` bigint DEFAULT NULL COMMENT '部门ID',
  `user_name` varchar(30) CHARACTER SET utf8mb4 COLLATE utf8mb4_unicode_ci NOT NULL COMMENT '用户账号',
  `nick_name` varchar(30) CHARACTER SET utf8mb4 COLLATE utf8mb4_unicode_ci NOT NULL COMMENT '用户昵称',
  `user_type` varchar(2) CHARACTER SET utf8mb4 COLLATE utf8mb4_unicode_ci DEFAULT '00' COMMENT '用户类型（00系统用户）',
  `email` varchar(50) CHARACTER SET utf8mb4 COLLATE utf8mb4_unicode_ci DEFAULT '' COMMENT '用户邮箱',
  `phonenumber` varchar(11) CHARACTER SET utf8mb4 COLLATE utf8mb4_unicode_ci DEFAULT '' COMMENT '手机号码',
  `sex` char(1) CHARACTER SET utf8mb4 COLLATE utf8mb4_unicode_ci DEFAULT '0' COMMENT '用户性别（0男 1女 2未知）',
  `avatar` varchar(100) CHARACTER SET utf8mb4 COLLATE utf8mb4_unicode_ci DEFAULT '' COMMENT '头像地址',
  `password` varchar(100) CHARACTER SET utf8mb4 COLLATE utf8mb4_unicode_ci DEFAULT '' COMMENT '密码',
  `status` char(1) CHARACTER SET utf8mb4 COLLATE utf8mb4_unicode_ci DEFAULT '0' COMMENT '帐号状态（0正常 1停用）',
  `del_flag` char(1) CHARACTER SET utf8mb4 COLLATE utf8mb4_unicode_ci DEFAULT '0' COMMENT '删除标志（0代表存在 2代表删除）',
  `login_ip` varchar(128) CHARACTER SET utf8mb4 COLLATE utf8mb4_unicode_ci DEFAULT '' COMMENT '最后登录IP',
  `login_date` datetime DEFAULT NULL COMMENT '最后登录时间',
  `create_by` varchar(64) CHARACTER SET utf8mb4 COLLATE utf8mb4_unicode_ci DEFAULT '' COMMENT '创建者',
  `create_time` datetime DEFAULT NULL COMMENT '创建时间',
  `update_by` varchar(64) CHARACTER SET utf8mb4 COLLATE utf8mb4_unicode_ci DEFAULT '' COMMENT '更新者',
  `update_time` datetime DEFAULT NULL COMMENT '更新时间',
  `remark` varchar(500) CHARACTER SET utf8mb4 COLLATE utf8mb4_unicode_ci DEFAULT NULL COMMENT '备注',
  PRIMARY KEY (`user_id`)
) ENGINE=InnoDB AUTO_INCREMENT=100 DEFAULT CHARSET=utf8mb4 COLLATE=utf8mb4_unicode_ci COMMENT='用户信息表';

-- ----------------------------
-- Records of sys_user_copy2
-- ----------------------------
BEGIN;
COMMIT;

-- ----------------------------
-- Table structure for sys_user_post
-- ----------------------------
DROP TABLE IF EXISTS `sys_user_post`;
CREATE TABLE `sys_user_post` (
  `user_id` bigint NOT NULL COMMENT '用户ID',
  `post_id` bigint NOT NULL COMMENT '岗位ID',
  PRIMARY KEY (`user_id`,`post_id`)
) ENGINE=InnoDB DEFAULT CHARSET=utf8mb4 COLLATE=utf8mb4_unicode_ci COMMENT='用户与岗位关联表';

-- ----------------------------
-- Records of sys_user_post
-- ----------------------------
BEGIN;
INSERT INTO `sys_user_post` (`user_id`, `post_id`) VALUES (1, 1);
INSERT INTO `sys_user_post` (`user_id`, `post_id`) VALUES (2, 2);
COMMIT;

-- ----------------------------
-- Table structure for sys_user_role
-- ----------------------------
DROP TABLE IF EXISTS `sys_user_role`;
CREATE TABLE `sys_user_role` (
  `user_id` bigint NOT NULL COMMENT '用户ID',
  `role_id` bigint NOT NULL COMMENT '角色ID',
  PRIMARY KEY (`user_id`,`role_id`)
) ENGINE=InnoDB DEFAULT CHARSET=utf8mb4 COLLATE=utf8mb4_unicode_ci COMMENT='用户和角色关联表';

-- ----------------------------
-- Records of sys_user_role
-- ----------------------------
BEGIN;
INSERT INTO `sys_user_role` (`user_id`, `role_id`) VALUES (1, 1);
INSERT INTO `sys_user_role` (`user_id`, `role_id`) VALUES (2, 2);
INSERT INTO `sys_user_role` (`user_id`, `role_id`) VALUES (4671947, 2);
COMMIT;

SET FOREIGN_KEY_CHECKS = 1;
